method,backend,device,iteration,latency_ms
clahe,opencv_cpu,cpu,0,0.188
clahe,opencv_cpu,cpu,1,0.2015
clahe,opencv_cpu,cpu,2,0.1754
clahe,opencv_cpu,cpu,3,0.2104
clahe,opencv_cpu,cpu,4,0.1836
clahe,opencv_cpu,cpu,5,0.2211
clahe,opencv_cpu,cpu,6,0.2087
clahe,opencv_cpu,cpu,7,0.1833
clahe,opencv_cpu,cpu,8,0.1784
clahe,opencv_cpu,cpu,9,0.1858
clahe,opencv_cpu,cpu,10,0.2343
clahe,opencv_cpu,cpu,11,0.2107
clahe,opencv_cpu,cpu,12,0.2123
clahe,opencv_cpu,cpu,13,0.2028
clahe,opencv_cpu,cpu,14,0.2019
clahe,opencv_cpu,cpu,15,0.3194
clahe,opencv_cpu,cpu,16,0.2297
clahe,opencv_cpu,cpu,17,0.2071
clahe,opencv_cpu,cpu,18,0.1982
clahe,opencv_cpu,cpu,19,0.2099
clahe,opencv_cpu,cpu,20,0.2179
clahe,opencv_cpu,cpu,21,0.2147
clahe,opencv_cpu,cpu,22,0.1984
clahe,opencv_cpu,cpu,23,0.1931
clahe,opencv_cpu,cpu,24,0.202
clahe,opencv_cpu,cpu,25,0.1866
clahe,opencv_cpu,cpu,26,0.1919
clahe,opencv_cpu,cpu,27,0.2037
clahe,opencv_cpu,cpu,28,0.1877
clahe,opencv_cpu,cpu,29,0.1958
clahe,opencv_cpu,cpu,30,0.1928
clahe,opencv_cpu,cpu,31,0.2073
clahe,opencv_cpu,cpu,32,0.2118
clahe,opencv_cpu,cpu,33,0.2728
clahe,opencv_cpu,cpu,34,0.2349
clahe,opencv_cpu,cpu,35,0.2348
clahe,opencv_cpu,cpu,36,0.2069
clahe,opencv_cpu,cpu,37,0.1964
clahe,opencv_cpu,cpu,38,0.1967
clahe,opencv_cpu,cpu,39,0.1891
clahe,opencv_cpu,cpu,40,0.1975
clahe,opencv_cpu,cpu,41,0.1966
clahe,opencv_cpu,cpu,42,0.2079
clahe,opencv_cpu,cpu,43,0.1961
clahe,opencv_cpu,cpu,44,0.1862
clahe,opencv_cpu,cpu,45,0.1927
clahe,opencv_cpu,cpu,46,0.1958
clahe,opencv_cpu,cpu,47,0.1928
clahe,opencv_cpu,cpu,48,0.1855
clahe,opencv_cpu,cpu,49,0.206
clahe,opencv_cpu,cpu,50,0.2003
clahe,opencv_cpu,cpu,51,0.1994
clahe,opencv_cpu,cpu,52,0.1874
clahe,opencv_cpu,cpu,53,0.236
clahe,opencv_cpu,cpu,54,0.1986
clahe,opencv_cpu,cpu,55,0.1927
clahe,opencv_cpu,cpu,56,0.201
clahe,opencv_cpu,cpu,57,0.2001
clahe,opencv_cpu,cpu,58,0.2107
clahe,opencv_cpu,cpu,59,0.1821
clahe,opencv_cpu,cpu,60,0.2002
clahe,opencv_cpu,cpu,61,0.1941
clahe,opencv_cpu,cpu,62,0.1904
clahe,opencv_cpu,cpu,63,0.1883
clahe,opencv_cpu,cpu,64,0.1945
clahe,opencv_cpu,cpu,65,0.175
clahe,opencv_cpu,cpu,66,0.1782
clahe,opencv_cpu,cpu,67,0.2648
clahe,opencv_cpu,cpu,68,0.2727
clahe,opencv_cpu,cpu,69,0.2126
clahe,opencv_cpu,cpu,70,0.2012
clahe,opencv_cpu,cpu,71,0.2001
clahe,opencv_cpu,cpu,72,0.1978
clahe,opencv_cpu,cpu,73,0.1929
clahe,opencv_cpu,cpu,74,0.1805
clahe,opencv_cpu,cpu,75,0.1939
clahe,opencv_cpu,cpu,76,0.1866
clahe,opencv_cpu,cpu,77,0.1789
clahe,opencv_cpu,cpu,78,0.1758
clahe,opencv_cpu,cpu,79,0.2237
clahe,opencv_cpu,cpu,80,0.2316
clahe,opencv_cpu,cpu,81,0.2125
clahe,opencv_cpu,cpu,82,0.1903
clahe,opencv_cpu,cpu,83,0.2436
clahe,opencv_cpu,cpu,84,0.2086
clahe,opencv_cpu,cpu,85,0.1832
clahe,opencv_cpu,cpu,86,0.1912
clahe,opencv_cpu,cpu,87,0.2174
clahe,opencv_cpu,cpu,88,0.4693
clahe,opencv_cpu,cpu,89,0.2858
clahe,opencv_cpu,cpu,90,0.2318
clahe,opencv_cpu,cpu,91,0.3216
clahe,opencv_cpu,cpu,92,0.2996
clahe,opencv_cpu,cpu,93,0.253
clahe,opencv_cpu,cpu,94,0.2034
clahe,opencv_cpu,cpu,95,0.1969
clahe,opencv_cpu,cpu,96,0.2033
clahe,opencv_cpu,cpu,97,0.1822
clahe,opencv_cpu,cpu,98,0.2248
clahe,opencv_cpu,cpu,99,0.1847
clahe,opencv_cpu,cpu,100,0.2284
clahe,opencv_cpu,cpu,101,0.3081
clahe,opencv_cpu,cpu,102,0.2382
clahe,opencv_cpu,cpu,103,0.2218
clahe,opencv_cpu,cpu,104,0.2077
clahe,opencv_cpu,cpu,105,0.1875
clahe,opencv_cpu,cpu,106,0.3349
clahe,opencv_cpu,cpu,107,0.2356
clahe,opencv_cpu,cpu,108,0.2281
clahe,opencv_cpu,cpu,109,0.259
clahe,opencv_cpu,cpu,110,0.3711
clahe,opencv_cpu,cpu,111,0.298
clahe,opencv_cpu,cpu,112,0.2612
clahe,opencv_cpu,cpu,113,0.4452
clahe,opencv_cpu,cpu,114,0.2621
clahe,opencv_cpu,cpu,115,0.5393
clahe,opencv_cpu,cpu,116,0.2868
clahe,opencv_cpu,cpu,117,0.2693
clahe,opencv_cpu,cpu,118,0.3071
clahe,opencv_cpu,cpu,119,0.5639
clahe,opencv_cpu,cpu,120,0.3443
clahe,opencv_cpu,cpu,121,0.2298
clahe,opencv_cpu,cpu,122,0.497
clahe,opencv_cpu,cpu,123,0.4626
clahe,opencv_cpu,cpu,124,0.246
clahe,opencv_cpu,cpu,125,0.2119
clahe,opencv_cpu,cpu,126,0.2029
clahe,opencv_cpu,cpu,127,0.2105
clahe,opencv_cpu,cpu,128,0.1918
clahe,opencv_cpu,cpu,129,0.2684
clahe,opencv_cpu,cpu,130,0.236
clahe,opencv_cpu,cpu,131,0.5734
clahe,opencv_cpu,cpu,132,0.2214
clahe,opencv_cpu,cpu,133,0.1929
clahe,opencv_cpu,cpu,134,0.1831
clahe,opencv_cpu,cpu,135,0.221
clahe,opencv_cpu,cpu,136,0.5285
clahe,opencv_cpu,cpu,137,0.2582
clahe,opencv_cpu,cpu,138,0.2087
clahe,opencv_cpu,cpu,139,0.1938
clahe,opencv_cpu,cpu,140,0.2477
clahe,opencv_cpu,cpu,141,0.2785
clahe,opencv_cpu,cpu,142,0.2298
clahe,opencv_cpu,cpu,143,0.2172
clahe,opencv_cpu,cpu,144,0.2038
clahe,opencv_cpu,cpu,145,0.2183
clahe,opencv_cpu,cpu,146,0.1997
clahe,opencv_cpu,cpu,147,0.3744
clahe,opencv_cpu,cpu,148,0.217
clahe,opencv_cpu,cpu,149,0.2064
clahe,opencv_cpu,cpu,150,0.18
clahe,opencv_cpu,cpu,151,0.204
clahe,opencv_cpu,cpu,152,0.23
clahe,opencv_cpu,cpu,153,0.3459
clahe,opencv_cpu,cpu,154,0.2129
clahe,opencv_cpu,cpu,155,0.4468
clahe,opencv_cpu,cpu,156,0.2557
clahe,opencv_cpu,cpu,157,0.2879
clahe,opencv_cpu,cpu,158,0.2661
clahe,opencv_cpu,cpu,159,0.2771
clahe,opencv_cpu,cpu,160,0.2064
clahe,opencv_cpu,cpu,161,0.2007
clahe,opencv_cpu,cpu,162,0.2019
clahe,opencv_cpu,cpu,163,0.1929
clahe,opencv_cpu,cpu,164,0.2234
clahe,opencv_cpu,cpu,165,0.2282
clahe,opencv_cpu,cpu,166,0.2248
clahe,opencv_cpu,cpu,167,0.5014
clahe,opencv_cpu,cpu,168,0.2625
clahe,opencv_cpu,cpu,169,0.3174
clahe,opencv_cpu,cpu,170,0.2286
clahe,opencv_cpu,cpu,171,0.2066
clahe,opencv_cpu,cpu,172,0.2073
clahe,opencv_cpu,cpu,173,0.2239
clahe,opencv_cpu,cpu,174,0.2075
clahe,opencv_cpu,cpu,175,0.2363
clahe,opencv_cpu,cpu,176,0.3238
clahe,opencv_cpu,cpu,177,0.2714
clahe,opencv_cpu,cpu,178,0.3413
clahe,opencv_cpu,cpu,179,0.2188
clahe,opencv_cpu,cpu,180,0.2038
clahe,opencv_cpu,cpu,181,0.1944
clahe,opencv_cpu,cpu,182,0.2126
clahe,opencv_cpu,cpu,183,0.243
clahe,opencv_cpu,cpu,184,0.2268
clahe,opencv_cpu,cpu,185,0.2234
clahe,opencv_cpu,cpu,186,0.1911
clahe,opencv_cpu,cpu,187,0.1782
clahe,opencv_cpu,cpu,188,0.1974
clahe,opencv_cpu,cpu,189,0.217
clahe,opencv_cpu,cpu,190,0.2393
clahe,opencv_cpu,cpu,191,0.2502
clahe,opencv_cpu,cpu,192,0.2405
clahe,opencv_cpu,cpu,193,0.1995
clahe,opencv_cpu,cpu,194,0.252
clahe,opencv_cpu,cpu,195,0.2306
clahe,opencv_cpu,cpu,196,0.1951
clahe,opencv_cpu,cpu,197,0.1837
clahe,opencv_cpu,cpu,198,0.19
clahe,opencv_cpu,cpu,199,0.1868
clahe,opencv_cpu,cpu,200,0.1963
clahe,opencv_cpu,cpu,201,0.188
clahe,opencv_cpu,cpu,202,0.1865
clahe,opencv_cpu,cpu,203,0.1811
clahe,opencv_cpu,cpu,204,0.2181
clahe,opencv_cpu,cpu,205,0.19
clahe,opencv_cpu,cpu,206,0.1934
clahe,opencv_cpu,cpu,207,0.195
clahe,opencv_cpu,cpu,208,0.1884
clahe,opencv_cpu,cpu,209,0.1781
clahe,opencv_cpu,cpu,210,0.1874
clahe,opencv_cpu,cpu,211,0.1774
clahe,opencv_cpu,cpu,212,0.2063
clahe,opencv_cpu,cpu,213,0.2357
clahe,opencv_cpu,cpu,214,0.2356
clahe,opencv_cpu,cpu,215,0.2177
clahe,opencv_cpu,cpu,216,0.1979
clahe,opencv_cpu,cpu,217,0.1896
clahe,opencv_cpu,cpu,218,0.1984
clahe,opencv_cpu,cpu,219,0.2075
clahe,opencv_cpu,cpu,220,0.2157
clahe,opencv_cpu,cpu,221,0.1866
clahe,opencv_cpu,cpu,222,0.2059
clahe,opencv_cpu,cpu,223,0.218
clahe,opencv_cpu,cpu,224,0.2315
clahe,opencv_cpu,cpu,225,0.2207
clahe,opencv_cpu,cpu,226,0.2005
clahe,opencv_cpu,cpu,227,0.1886
clahe,opencv_cpu,cpu,228,0.1786
clahe,opencv_cpu,cpu,229,0.1901
clahe,opencv_cpu,cpu,230,0.2294
clahe,opencv_cpu,cpu,231,0.1945
clahe,opencv_cpu,cpu,232,0.2006
clahe,opencv_cpu,cpu,233,0.4508
clahe,opencv_cpu,cpu,234,0.2644
clahe,opencv_cpu,cpu,235,0.2066
clahe,opencv_cpu,cpu,236,0.2612
clahe,opencv_cpu,cpu,237,0.1862
clahe,opencv_cpu,cpu,238,0.1805
clahe,opencv_cpu,cpu,239,0.1901
clahe,opencv_cpu,cpu,240,0.1874
clahe,opencv_cpu,cpu,241,0.1878
clahe,opencv_cpu,cpu,242,0.177
clahe,opencv_cpu,cpu,243,0.1887
clahe,opencv_cpu,cpu,244,0.2051
clahe,opencv_cpu,cpu,245,0.1874
clahe,opencv_cpu,cpu,246,0.185
clahe,opencv_cpu,cpu,247,0.2135
clahe,opencv_cpu,cpu,248,0.1846
clahe,opencv_cpu,cpu,249,0.1771
clahe,opencv_cpu,cpu,250,0.1967
clahe,opencv_cpu,cpu,251,0.1912
clahe,opencv_cpu,cpu,252,0.1971
clahe,opencv_cpu,cpu,253,0.1845
clahe,opencv_cpu,cpu,254,0.1889
clahe,opencv_cpu,cpu,255,0.1871
clahe,opencv_cpu,cpu,256,0.1821
clahe,opencv_cpu,cpu,257,0.19
clahe,opencv_cpu,cpu,258,0.2007
clahe,opencv_cpu,cpu,259,0.1929
clahe,opencv_cpu,cpu,260,0.1965
clahe,opencv_cpu,cpu,261,0.2026
clahe,opencv_cpu,cpu,262,0.1916
clahe,opencv_cpu,cpu,263,0.1885
clahe,opencv_cpu,cpu,264,0.1897
clahe,opencv_cpu,cpu,265,0.1962
clahe,opencv_cpu,cpu,266,0.2054
clahe,opencv_cpu,cpu,267,0.2025
clahe,opencv_cpu,cpu,268,0.1832
clahe,opencv_cpu,cpu,269,0.1863
clahe,opencv_cpu,cpu,270,0.1804
clahe,opencv_cpu,cpu,271,0.1849
clahe,opencv_cpu,cpu,272,0.1867
clahe,opencv_cpu,cpu,273,0.2185
clahe,opencv_cpu,cpu,274,0.2618
clahe,opencv_cpu,cpu,275,0.2362
clahe,opencv_cpu,cpu,276,0.2282
clahe,opencv_cpu,cpu,277,0.2343
clahe,opencv_cpu,cpu,278,0.2288
clahe,opencv_cpu,cpu,279,0.1962
clahe,opencv_cpu,cpu,280,0.1806
clahe,opencv_cpu,cpu,281,0.1866
clahe,opencv_cpu,cpu,282,0.2176
clahe,opencv_cpu,cpu,283,0.2135
clahe,opencv_cpu,cpu,284,0.2043
clahe,opencv_cpu,cpu,285,0.1983
clahe,opencv_cpu,cpu,286,0.2341
clahe,opencv_cpu,cpu,287,0.1948
clahe,opencv_cpu,cpu,288,0.1945
clahe,opencv_cpu,cpu,289,0.1942
clahe,opencv_cpu,cpu,290,0.1809
clahe,opencv_cpu,cpu,291,0.183
clahe,opencv_cpu,cpu,292,0.2007
clahe,opencv_cpu,cpu,293,0.1891
clahe,opencv_cpu,cpu,294,0.1994
clahe,opencv_cpu,cpu,295,0.1868
clahe,opencv_cpu,cpu,296,0.2055
clahe,opencv_cpu,cpu,297,0.2988
clahe,opencv_cpu,cpu,298,0.214
clahe,opencv_cpu,cpu,299,0.2
clahe,opencv_cpu,cpu,300,0.2389
clahe,opencv_cpu,cpu,301,0.2791
clahe,opencv_cpu,cpu,302,0.2532
clahe,opencv_cpu,cpu,303,0.2334
clahe,opencv_cpu,cpu,304,0.227
clahe,opencv_cpu,cpu,305,0.2018
clahe,opencv_cpu,cpu,306,0.2063
clahe,opencv_cpu,cpu,307,0.2023
clahe,opencv_cpu,cpu,308,0.2455
clahe,opencv_cpu,cpu,309,0.3349
clahe,opencv_cpu,cpu,310,0.2212
clahe,opencv_cpu,cpu,311,0.1887
clahe,opencv_cpu,cpu,312,0.2038
clahe,opencv_cpu,cpu,313,0.1876
clahe,opencv_cpu,cpu,314,0.3332
clahe,opencv_cpu,cpu,315,0.2703
clahe,opencv_cpu,cpu,316,0.2365
clahe,opencv_cpu,cpu,317,0.2161
clahe,opencv_cpu,cpu,318,0.2973
clahe,opencv_cpu,cpu,319,0.242
clahe,opencv_cpu,cpu,320,0.195
clahe,opencv_cpu,cpu,321,0.2004
clahe,opencv_cpu,cpu,322,0.1888
clahe,opencv_cpu,cpu,323,0.2131
clahe,opencv_cpu,cpu,324,0.2312
clahe,opencv_cpu,cpu,325,0.2606
clahe,opencv_cpu,cpu,326,0.2643
clahe,opencv_cpu,cpu,327,0.2255
clahe,opencv_cpu,cpu,328,0.1911
clahe,opencv_cpu,cpu,329,0.2383
clahe,opencv_cpu,cpu,330,0.2637
clahe,opencv_cpu,cpu,331,0.2114
clahe,opencv_cpu,cpu,332,0.2029
clahe,opencv_cpu,cpu,333,0.1858
clahe,opencv_cpu,cpu,334,0.1981
clahe,opencv_cpu,cpu,335,0.2997
clahe,opencv_cpu,cpu,336,0.2648
clahe,opencv_cpu,cpu,337,0.2547
clahe,opencv_cpu,cpu,338,0.2284
clahe,opencv_cpu,cpu,339,0.2224
clahe,opencv_cpu,cpu,340,0.2203
clahe,opencv_cpu,cpu,341,0.2395
clahe,opencv_cpu,cpu,342,0.2092
clahe,opencv_cpu,cpu,343,0.1735
clahe,opencv_cpu,cpu,344,0.178
clahe,opencv_cpu,cpu,345,0.1713
clahe,opencv_cpu,cpu,346,0.2648
clahe,opencv_cpu,cpu,347,0.2034
clahe,opencv_cpu,cpu,348,0.2544
clahe,opencv_cpu,cpu,349,0.2594
clahe,opencv_cpu,cpu,350,0.2301
clahe,opencv_cpu,cpu,351,0.2164
clahe,opencv_cpu,cpu,352,0.2054
clahe,opencv_cpu,cpu,353,0.1905
clahe,opencv_cpu,cpu,354,0.1859
clahe,opencv_cpu,cpu,355,0.203
clahe,opencv_cpu,cpu,356,0.1791
clahe,opencv_cpu,cpu,357,0.1992
clahe,opencv_cpu,cpu,358,0.1964
clahe,opencv_cpu,cpu,359,0.1987
clahe,opencv_cpu,cpu,360,0.1819
clahe,opencv_cpu,cpu,361,0.1923
clahe,opencv_cpu,cpu,362,0.4005
clahe,opencv_cpu,cpu,363,0.229
clahe,opencv_cpu,cpu,364,0.1888
clahe,opencv_cpu,cpu,365,0.1731
clahe,opencv_cpu,cpu,366,0.1823
clahe,opencv_cpu,cpu,367,0.1877
clahe,opencv_cpu,cpu,368,0.1886
clahe,opencv_cpu,cpu,369,0.2268
clahe,opencv_cpu,cpu,370,0.1913
clahe,opencv_cpu,cpu,371,0.1882
clahe,opencv_cpu,cpu,372,0.1952
clahe,opencv_cpu,cpu,373,0.199
clahe,opencv_cpu,cpu,374,0.1882
clahe,opencv_cpu,cpu,375,0.1879
clahe,opencv_cpu,cpu,376,0.1833
clahe,opencv_cpu,cpu,377,0.1905
clahe,opencv_cpu,cpu,378,0.2036
clahe,opencv_cpu,cpu,379,0.2002
clahe,opencv_cpu,cpu,380,0.2154
clahe,opencv_cpu,cpu,381,0.2056
clahe,opencv_cpu,cpu,382,0.2074
clahe,opencv_cpu,cpu,383,0.204
clahe,opencv_cpu,cpu,384,0.2027
clahe,opencv_cpu,cpu,385,0.1937
clahe,opencv_cpu,cpu,386,0.2046
clahe,opencv_cpu,cpu,387,0.205
clahe,opencv_cpu,cpu,388,0.1874
clahe,opencv_cpu,cpu,389,0.1884
clahe,opencv_cpu,cpu,390,0.1998
clahe,opencv_cpu,cpu,391,0.2018
clahe,opencv_cpu,cpu,392,0.197
clahe,opencv_cpu,cpu,393,0.1797
clahe,opencv_cpu,cpu,394,0.1805
clahe,opencv_cpu,cpu,395,0.1788
clahe,opencv_cpu,cpu,396,0.1876
clahe,opencv_cpu,cpu,397,0.1961
clahe,opencv_cpu,cpu,398,0.1975
clahe,opencv_cpu,cpu,399,0.2156
clahe,opencv_cpu,cpu,400,0.1924
clahe,opencv_cpu,cpu,401,0.1879
clahe,opencv_cpu,cpu,402,0.1888
clahe,opencv_cpu,cpu,403,0.2147
clahe,opencv_cpu,cpu,404,0.1953
clahe,opencv_cpu,cpu,405,0.202
clahe,opencv_cpu,cpu,406,0.2217
clahe,opencv_cpu,cpu,407,0.2397
clahe,opencv_cpu,cpu,408,0.2209
clahe,opencv_cpu,cpu,409,0.2126
clahe,opencv_cpu,cpu,410,0.1968
clahe,opencv_cpu,cpu,411,0.1926
clahe,opencv_cpu,cpu,412,0.1874
clahe,opencv_cpu,cpu,413,0.1802
clahe,opencv_cpu,cpu,414,0.2119
clahe,opencv_cpu,cpu,415,0.3184
clahe,opencv_cpu,cpu,416,0.263
clahe,opencv_cpu,cpu,417,0.3504
clahe,opencv_cpu,cpu,418,0.2448
clahe,opencv_cpu,cpu,419,0.1909
clahe,opencv_cpu,cpu,420,0.2577
clahe,opencv_cpu,cpu,421,0.2366
clahe,opencv_cpu,cpu,422,0.2153
clahe,opencv_cpu,cpu,423,0.1965
clahe,opencv_cpu,cpu,424,0.1849
clahe,opencv_cpu,cpu,425,0.203
clahe,opencv_cpu,cpu,426,0.1972
clahe,opencv_cpu,cpu,427,0.1898
clahe,opencv_cpu,cpu,428,0.2094
clahe,opencv_cpu,cpu,429,0.1975
clahe,opencv_cpu,cpu,430,0.1953
clahe,opencv_cpu,cpu,431,0.2138
clahe,opencv_cpu,cpu,432,0.2485
clahe,opencv_cpu,cpu,433,0.2409
clahe,opencv_cpu,cpu,434,0.2013
clahe,opencv_cpu,cpu,435,0.224
clahe,opencv_cpu,cpu,436,0.2106
clahe,opencv_cpu,cpu,437,0.1916
clahe,opencv_cpu,cpu,438,0.2674
clahe,opencv_cpu,cpu,439,0.2652
clahe,opencv_cpu,cpu,440,0.2485
clahe,opencv_cpu,cpu,441,0.2726
clahe,opencv_cpu,cpu,442,0.2328
clahe,opencv_cpu,cpu,443,0.2152
clahe,opencv_cpu,cpu,444,0.2267
clahe,opencv_cpu,cpu,445,0.2181
clahe,opencv_cpu,cpu,446,0.1987
clahe,opencv_cpu,cpu,447,0.4415
clahe,opencv_cpu,cpu,448,0.2569
clahe,opencv_cpu,cpu,449,0.2486
clahe,opencv_cpu,cpu,450,0.284
clahe,opencv_cpu,cpu,451,0.2097
clahe,opencv_cpu,cpu,452,0.198
clahe,opencv_cpu,cpu,453,0.2016
clahe,opencv_cpu,cpu,454,0.2036
clahe,opencv_cpu,cpu,455,0.2269
clahe,opencv_cpu,cpu,456,0.2299
clahe,opencv_cpu,cpu,457,0.2047
clahe,opencv_cpu,cpu,458,0.1946
clahe,opencv_cpu,cpu,459,0.1863
clahe,opencv_cpu,cpu,460,0.201
clahe,opencv_cpu,cpu,461,0.1995
clahe,opencv_cpu,cpu,462,0.2251
clahe,opencv_cpu,cpu,463,0.1965
clahe,opencv_cpu,cpu,464,0.2043
clahe,opencv_cpu,cpu,465,0.194
clahe,opencv_cpu,cpu,466,0.1825
clahe,opencv_cpu,cpu,467,0.1782
clahe,opencv_cpu,cpu,468,0.1917
clahe,opencv_cpu,cpu,469,0.1864
clahe,opencv_cpu,cpu,470,0.1888
clahe,opencv_cpu,cpu,471,0.1834
clahe,opencv_cpu,cpu,472,0.1772
clahe,opencv_cpu,cpu,473,0.1775
clahe,opencv_cpu,cpu,474,0.1825
clahe,opencv_cpu,cpu,475,0.1829
clahe,opencv_cpu,cpu,476,0.1857
clahe,opencv_cpu,cpu,477,0.1923
clahe,opencv_cpu,cpu,478,0.176
clahe,opencv_cpu,cpu,479,0.1817
clahe,opencv_cpu,cpu,480,0.1845
clahe,opencv_cpu,cpu,481,0.2121
clahe,opencv_cpu,cpu,482,0.1921
clahe,opencv_cpu,cpu,483,0.1848
clahe,opencv_cpu,cpu,484,0.1983
clahe,opencv_cpu,cpu,485,0.1812
clahe,opencv_cpu,cpu,486,0.2116
clahe,opencv_cpu,cpu,487,0.1844
clahe,opencv_cpu,cpu,488,0.168
clahe,opencv_cpu,cpu,489,0.1786
clahe,opencv_cpu,cpu,490,0.1965
clahe,opencv_cpu,cpu,491,0.2017
clahe,opencv_cpu,cpu,492,0.1881
clahe,opencv_cpu,cpu,493,0.1991
clahe,opencv_cpu,cpu,494,0.1728
clahe,opencv_cpu,cpu,495,0.1822
clahe,opencv_cpu,cpu,496,0.1881
clahe,opencv_cpu,cpu,497,0.1942
clahe,opencv_cpu,cpu,498,0.1916
clahe,opencv_cpu,cpu,499,0.4129
clahe,opencv_cpu,cpu,500,0.2495
clahe,opencv_cpu,cpu,501,0.2316
clahe,opencv_cpu,cpu,502,0.2216
clahe,opencv_cpu,cpu,503,0.2096
clahe,opencv_cpu,cpu,504,0.2257
clahe,opencv_cpu,cpu,505,0.2403
clahe,opencv_cpu,cpu,506,0.1984
clahe,opencv_cpu,cpu,507,0.1919
clahe,opencv_cpu,cpu,508,0.2218
clahe,opencv_cpu,cpu,509,0.2704
clahe,opencv_cpu,cpu,510,0.2642
clahe,opencv_cpu,cpu,511,0.2306
clahe,opencv_cpu,cpu,512,0.2139
clahe,opencv_cpu,cpu,513,0.2023
clahe,opencv_cpu,cpu,514,0.2981
clahe,opencv_cpu,cpu,515,0.3516
clahe,opencv_cpu,cpu,516,0.2304
clahe,opencv_cpu,cpu,517,0.2038
clahe,opencv_cpu,cpu,518,0.1833
clahe,opencv_cpu,cpu,519,0.1814
clahe,opencv_cpu,cpu,520,0.1962
clahe,opencv_cpu,cpu,521,0.1862
clahe,opencv_cpu,cpu,522,0.1853
clahe,opencv_cpu,cpu,523,0.2879
clahe,opencv_cpu,cpu,524,0.2473
clahe,opencv_cpu,cpu,525,0.2082
clahe,opencv_cpu,cpu,526,0.3032
clahe,opencv_cpu,cpu,527,0.2323
clahe,opencv_cpu,cpu,528,0.1964
clahe,opencv_cpu,cpu,529,0.1895
clahe,opencv_cpu,cpu,530,0.2332
clahe,opencv_cpu,cpu,531,0.2354
clahe,opencv_cpu,cpu,532,0.2142
clahe,opencv_cpu,cpu,533,0.1969
clahe,opencv_cpu,cpu,534,0.2088
clahe,opencv_cpu,cpu,535,0.2538
clahe,opencv_cpu,cpu,536,0.215
clahe,opencv_cpu,cpu,537,0.2023
clahe,opencv_cpu,cpu,538,0.1884
clahe,opencv_cpu,cpu,539,0.1952
clahe,opencv_cpu,cpu,540,0.1997
clahe,opencv_cpu,cpu,541,0.1987
clahe,opencv_cpu,cpu,542,0.1908
clahe,opencv_cpu,cpu,543,0.1801
clahe,opencv_cpu,cpu,544,0.1895
clahe,opencv_cpu,cpu,545,0.2034
clahe,opencv_cpu,cpu,546,0.1973
clahe,opencv_cpu,cpu,547,0.2211
clahe,opencv_cpu,cpu,548,0.2544
clahe,opencv_cpu,cpu,549,0.2123
clahe,opencv_cpu,cpu,550,0.1957
clahe,opencv_cpu,cpu,551,0.3069
clahe,opencv_cpu,cpu,552,0.2303
clahe,opencv_cpu,cpu,553,0.2284
clahe,opencv_cpu,cpu,554,0.1969
clahe,opencv_cpu,cpu,555,0.1902
clahe,opencv_cpu,cpu,556,0.2018
clahe,opencv_cpu,cpu,557,0.1875
clahe,opencv_cpu,cpu,558,0.1981
clahe,opencv_cpu,cpu,559,0.2016
clahe,opencv_cpu,cpu,560,0.1814
clahe,opencv_cpu,cpu,561,0.2092
clahe,opencv_cpu,cpu,562,0.2388
clahe,opencv_cpu,cpu,563,0.1993
clahe,opencv_cpu,cpu,564,0.2469
clahe,opencv_cpu,cpu,565,0.269
clahe,opencv_cpu,cpu,566,0.2674
clahe,opencv_cpu,cpu,567,0.2266
clahe,opencv_cpu,cpu,568,0.2179
clahe,opencv_cpu,cpu,569,0.1938
clahe,opencv_cpu,cpu,570,0.2074
clahe,opencv_cpu,cpu,571,0.2089
clahe,opencv_cpu,cpu,572,0.194
clahe,opencv_cpu,cpu,573,0.1858
clahe,opencv_cpu,cpu,574,0.2287
clahe,opencv_cpu,cpu,575,0.3088
clahe,opencv_cpu,cpu,576,0.277
clahe,opencv_cpu,cpu,577,0.2462
clahe,opencv_cpu,cpu,578,0.2413
clahe,opencv_cpu,cpu,579,0.2516
clahe,opencv_cpu,cpu,580,0.3348
clahe,opencv_cpu,cpu,581,0.2687
clahe,opencv_cpu,cpu,582,0.2247
clahe,opencv_cpu,cpu,583,0.2573
clahe,opencv_cpu,cpu,584,0.264
clahe,opencv_cpu,cpu,585,0.3309
clahe,opencv_cpu,cpu,586,0.217
clahe,opencv_cpu,cpu,587,0.2918
clahe,opencv_cpu,cpu,588,0.2269
clahe,opencv_cpu,cpu,589,0.3054
clahe,opencv_cpu,cpu,590,0.2019
clahe,opencv_cpu,cpu,591,0.1897
clahe,opencv_cpu,cpu,592,0.1791
clahe,opencv_cpu,cpu,593,0.6684
clahe,opencv_cpu,cpu,594,0.2754
clahe,opencv_cpu,cpu,595,0.3114
clahe,opencv_cpu,cpu,596,0.2529
clahe,opencv_cpu,cpu,597,0.2283
clahe,opencv_cpu,cpu,598,0.1959
clahe,opencv_cpu,cpu,599,0.2008
clahe,opencv_cpu,cpu,600,0.2018
clahe,opencv_cpu,cpu,601,0.1898
clahe,opencv_cpu,cpu,602,0.1877
clahe,opencv_cpu,cpu,603,0.1985
clahe,opencv_cpu,cpu,604,0.2061
clahe,opencv_cpu,cpu,605,0.1828
clahe,opencv_cpu,cpu,606,0.1861
clahe,opencv_cpu,cpu,607,0.1879
clahe,opencv_cpu,cpu,608,0.2684
clahe,opencv_cpu,cpu,609,0.2957
clahe,opencv_cpu,cpu,610,0.2438
clahe,opencv_cpu,cpu,611,0.2417
clahe,opencv_cpu,cpu,612,0.2848
clahe,opencv_cpu,cpu,613,0.2754
clahe,opencv_cpu,cpu,614,0.2201
clahe,opencv_cpu,cpu,615,0.1941
clahe,opencv_cpu,cpu,616,0.1811
clahe,opencv_cpu,cpu,617,0.2009
clahe,opencv_cpu,cpu,618,0.1978
clahe,opencv_cpu,cpu,619,0.1846
clahe,opencv_cpu,cpu,620,0.2111
clahe,opencv_cpu,cpu,621,0.228
clahe,opencv_cpu,cpu,622,0.2484
clahe,opencv_cpu,cpu,623,0.2419
clahe,opencv_cpu,cpu,624,0.2129
clahe,opencv_cpu,cpu,625,0.2082
clahe,opencv_cpu,cpu,626,0.2407
clahe,opencv_cpu,cpu,627,0.2064
clahe,opencv_cpu,cpu,628,0.2012
clahe,opencv_cpu,cpu,629,0.2122
clahe,opencv_cpu,cpu,630,0.2409
clahe,opencv_cpu,cpu,631,0.218
clahe,opencv_cpu,cpu,632,0.2737
clahe,opencv_cpu,cpu,633,0.2667
clahe,opencv_cpu,cpu,634,0.1979
clahe,opencv_cpu,cpu,635,0.2203
clahe,opencv_cpu,cpu,636,0.1999
clahe,opencv_cpu,cpu,637,0.2012
clahe,opencv_cpu,cpu,638,0.2051
clahe,opencv_cpu,cpu,639,0.2187
clahe,opencv_cpu,cpu,640,0.2322
clahe,opencv_cpu,cpu,641,0.2204
clahe,opencv_cpu,cpu,642,0.2073
clahe,opencv_cpu,cpu,643,0.2325
clahe,opencv_cpu,cpu,644,0.2009
clahe,opencv_cpu,cpu,645,0.1916
clahe,opencv_cpu,cpu,646,0.2007
clahe,opencv_cpu,cpu,647,0.1885
clahe,opencv_cpu,cpu,648,0.1924
clahe,opencv_cpu,cpu,649,0.1984
clahe,opencv_cpu,cpu,650,0.2055
clahe,opencv_cpu,cpu,651,0.1974
clahe,opencv_cpu,cpu,652,0.2685
clahe,opencv_cpu,cpu,653,0.2445
clahe,opencv_cpu,cpu,654,0.22
clahe,opencv_cpu,cpu,655,0.4215
clahe,opencv_cpu,cpu,656,0.2625
clahe,opencv_cpu,cpu,657,0.2001
clahe,opencv_cpu,cpu,658,0.2097
clahe,opencv_cpu,cpu,659,0.2534
clahe,opencv_cpu,cpu,660,0.2265
clahe,opencv_cpu,cpu,661,0.2232
clahe,opencv_cpu,cpu,662,0.1963
clahe,opencv_cpu,cpu,663,0.2065
clahe,opencv_cpu,cpu,664,0.2304
clahe,opencv_cpu,cpu,665,0.2442
clahe,opencv_cpu,cpu,666,0.1904
clahe,opencv_cpu,cpu,667,0.2058
clahe,opencv_cpu,cpu,668,0.1805
clahe,opencv_cpu,cpu,669,0.3103
clahe,opencv_cpu,cpu,670,0.2439
clahe,opencv_cpu,cpu,671,0.2445
clahe,opencv_cpu,cpu,672,0.279
clahe,opencv_cpu,cpu,673,0.2166
clahe,opencv_cpu,cpu,674,0.24
clahe,opencv_cpu,cpu,675,0.1894
clahe,opencv_cpu,cpu,676,0.1955
clahe,opencv_cpu,cpu,677,0.2273
clahe,opencv_cpu,cpu,678,0.1926
clahe,opencv_cpu,cpu,679,0.2
clahe,opencv_cpu,cpu,680,0.2032
clahe,opencv_cpu,cpu,681,0.2102
clahe,opencv_cpu,cpu,682,0.1888
clahe,opencv_cpu,cpu,683,0.271
clahe,opencv_cpu,cpu,684,0.2048
clahe,opencv_cpu,cpu,685,0.2185
clahe,opencv_cpu,cpu,686,0.2859
clahe,opencv_cpu,cpu,687,0.2243
clahe,opencv_cpu,cpu,688,0.2233
clahe,opencv_cpu,cpu,689,0.1904
clahe,opencv_cpu,cpu,690,0.2179
clahe,opencv_cpu,cpu,691,0.2258
clahe,opencv_cpu,cpu,692,0.222
clahe,opencv_cpu,cpu,693,0.2856
clahe,opencv_cpu,cpu,694,0.2201
clahe,opencv_cpu,cpu,695,0.1972
clahe,opencv_cpu,cpu,696,0.2011
clahe,opencv_cpu,cpu,697,0.2096
clahe,opencv_cpu,cpu,698,0.2016
clahe,opencv_cpu,cpu,699,0.1793
clahe,opencv_cpu,cpu,700,0.1839
clahe,opencv_cpu,cpu,701,0.1984
clahe,opencv_cpu,cpu,702,0.2413
clahe,opencv_cpu,cpu,703,0.2835
clahe,opencv_cpu,cpu,704,0.2609
clahe,opencv_cpu,cpu,705,0.2929
clahe,opencv_cpu,cpu,706,0.2344
clahe,opencv_cpu,cpu,707,0.1932
clahe,opencv_cpu,cpu,708,0.1856
clahe,opencv_cpu,cpu,709,0.238
clahe,opencv_cpu,cpu,710,0.2067
clahe,opencv_cpu,cpu,711,0.195
clahe,opencv_cpu,cpu,712,0.1942
clahe,opencv_cpu,cpu,713,0.1869
clahe,opencv_cpu,cpu,714,0.2207
clahe,opencv_cpu,cpu,715,0.2882
clahe,opencv_cpu,cpu,716,0.2485
clahe,opencv_cpu,cpu,717,0.2916
clahe,opencv_cpu,cpu,718,0.2105
clahe,opencv_cpu,cpu,719,0.2522
clahe,opencv_cpu,cpu,720,0.2003
clahe,opencv_cpu,cpu,721,0.2213
clahe,opencv_cpu,cpu,722,0.2693
clahe,opencv_cpu,cpu,723,0.3019
clahe,opencv_cpu,cpu,724,0.2401
clahe,opencv_cpu,cpu,725,0.2116
clahe,opencv_cpu,cpu,726,0.1842
clahe,opencv_cpu,cpu,727,0.1823
clahe,opencv_cpu,cpu,728,0.2014
clahe,opencv_cpu,cpu,729,0.2059
clahe,opencv_cpu,cpu,730,0.194
clahe,opencv_cpu,cpu,731,0.1881
clahe,opencv_cpu,cpu,732,0.2113
clahe,opencv_cpu,cpu,733,0.1911
clahe,opencv_cpu,cpu,734,0.3824
clahe,opencv_cpu,cpu,735,0.3282
clahe,opencv_cpu,cpu,736,0.2285
clahe,opencv_cpu,cpu,737,0.2013
clahe,opencv_cpu,cpu,738,0.2358
clahe,opencv_cpu,cpu,739,0.2049
clahe,opencv_cpu,cpu,740,0.2028
clahe,opencv_cpu,cpu,741,0.1883
clahe,opencv_cpu,cpu,742,0.2095
clahe,opencv_cpu,cpu,743,0.1962
clahe,opencv_cpu,cpu,744,0.1853
clahe,opencv_cpu,cpu,745,0.1922
clahe,opencv_cpu,cpu,746,0.2001
clahe,opencv_cpu,cpu,747,0.1977
clahe,opencv_cpu,cpu,748,0.2029
clahe,opencv_cpu,cpu,749,0.1871
clahe,opencv_cpu,cpu,750,0.1908
clahe,opencv_cpu,cpu,751,0.206
clahe,opencv_cpu,cpu,752,0.2006
clahe,opencv_cpu,cpu,753,0.2538
clahe,opencv_cpu,cpu,754,0.2709
clahe,opencv_cpu,cpu,755,0.2054
clahe,opencv_cpu,cpu,756,0.1978
clahe,opencv_cpu,cpu,757,0.1838
clahe,opencv_cpu,cpu,758,0.1966
clahe,opencv_cpu,cpu,759,0.1969
clahe,opencv_cpu,cpu,760,0.199
clahe,opencv_cpu,cpu,761,0.1952
clahe,opencv_cpu,cpu,762,0.206
clahe,opencv_cpu,cpu,763,0.1867
clahe,opencv_cpu,cpu,764,0.1757
clahe,opencv_cpu,cpu,765,0.1823
clahe,opencv_cpu,cpu,766,0.1921
clahe,opencv_cpu,cpu,767,0.1958
clahe,opencv_cpu,cpu,768,0.1949
clahe,opencv_cpu,cpu,769,0.1982
clahe,opencv_cpu,cpu,770,0.2193
clahe,opencv_cpu,cpu,771,0.4043
clahe,opencv_cpu,cpu,772,0.2502
clahe,opencv_cpu,cpu,773,0.3555
clahe,opencv_cpu,cpu,774,2.0569
clahe,opencv_cpu,cpu,775,0.3901
clahe,opencv_cpu,cpu,776,0.297
clahe,opencv_cpu,cpu,777,0.3696
clahe,opencv_cpu,cpu,778,0.4094
clahe,opencv_cpu,cpu,779,0.2418
clahe,opencv_cpu,cpu,780,0.2146
clahe,opencv_cpu,cpu,781,0.2109
clahe,opencv_cpu,cpu,782,0.2067
clahe,opencv_cpu,cpu,783,0.2237
clahe,opencv_cpu,cpu,784,0.2181
clahe,opencv_cpu,cpu,785,0.2118
clahe,opencv_cpu,cpu,786,0.1979
clahe,opencv_cpu,cpu,787,0.2067
clahe,opencv_cpu,cpu,788,0.4104
clahe,opencv_cpu,cpu,789,0.2587
clahe,opencv_cpu,cpu,790,0.2927
clahe,opencv_cpu,cpu,791,0.3455
clahe,opencv_cpu,cpu,792,0.2739
clahe,opencv_cpu,cpu,793,0.6256
clahe,opencv_cpu,cpu,794,0.2441
clahe,opencv_cpu,cpu,795,0.2278
clahe,opencv_cpu,cpu,796,0.2247
clahe,opencv_cpu,cpu,797,0.2219
clahe,opencv_cpu,cpu,798,0.3082
clahe,opencv_cpu,cpu,799,0.205
clahe,opencv_cpu,cpu,800,0.9617
clahe,opencv_cpu,cpu,801,0.4111
clahe,opencv_cpu,cpu,802,0.572
clahe,opencv_cpu,cpu,803,0.6503
clahe,opencv_cpu,cpu,804,0.2689
clahe,opencv_cpu,cpu,805,0.2148
clahe,opencv_cpu,cpu,806,0.376
clahe,opencv_cpu,cpu,807,1.0437
clahe,opencv_cpu,cpu,808,0.3474
clahe,opencv_cpu,cpu,809,0.2527
clahe,opencv_cpu,cpu,810,0.2369
clahe,opencv_cpu,cpu,811,0.5699
clahe,opencv_cpu,cpu,812,0.2391
clahe,opencv_cpu,cpu,813,0.2571
clahe,opencv_cpu,cpu,814,0.2258
clahe,opencv_cpu,cpu,815,0.2338
clahe,opencv_cpu,cpu,816,0.2025
clahe,opencv_cpu,cpu,817,0.2259
clahe,opencv_cpu,cpu,818,0.5116
clahe,opencv_cpu,cpu,819,0.2951
clahe,opencv_cpu,cpu,820,0.2846
clahe,opencv_cpu,cpu,821,0.2116
clahe,opencv_cpu,cpu,822,0.1981
clahe,opencv_cpu,cpu,823,0.1961
clahe,opencv_cpu,cpu,824,0.1963
clahe,opencv_cpu,cpu,825,0.227
clahe,opencv_cpu,cpu,826,0.2064
clahe,opencv_cpu,cpu,827,0.2402
clahe,opencv_cpu,cpu,828,0.2116
clahe,opencv_cpu,cpu,829,0.5364
clahe,opencv_cpu,cpu,830,0.327
clahe,opencv_cpu,cpu,831,0.4101
clahe,opencv_cpu,cpu,832,0.2876
clahe,opencv_cpu,cpu,833,0.2275
clahe,opencv_cpu,cpu,834,0.2194
clahe,opencv_cpu,cpu,835,0.2232
clahe,opencv_cpu,cpu,836,0.2443
clahe,opencv_cpu,cpu,837,0.2617
clahe,opencv_cpu,cpu,838,0.2873
clahe,opencv_cpu,cpu,839,0.2249
clahe,opencv_cpu,cpu,840,0.2794
clahe,opencv_cpu,cpu,841,0.2391
clahe,opencv_cpu,cpu,842,0.2131
clahe,opencv_cpu,cpu,843,0.2153
clahe,opencv_cpu,cpu,844,0.2199
clahe,opencv_cpu,cpu,845,0.1937
clahe,opencv_cpu,cpu,846,0.2759
clahe,opencv_cpu,cpu,847,0.1912
clahe,opencv_cpu,cpu,848,0.1973
clahe,opencv_cpu,cpu,849,0.2084
clahe,opencv_cpu,cpu,850,0.185
clahe,opencv_cpu,cpu,851,0.1782
clahe,opencv_cpu,cpu,852,0.1902
clahe,opencv_cpu,cpu,853,0.2065
clahe,opencv_cpu,cpu,854,0.2032
clahe,opencv_cpu,cpu,855,0.1936
clahe,opencv_cpu,cpu,856,0.1922
clahe,opencv_cpu,cpu,857,0.2012
clahe,opencv_cpu,cpu,858,0.2522
clahe,opencv_cpu,cpu,859,0.246
clahe,opencv_cpu,cpu,860,0.1972
clahe,opencv_cpu,cpu,861,0.1825
clahe,opencv_cpu,cpu,862,0.1858
clahe,opencv_cpu,cpu,863,0.193
clahe,opencv_cpu,cpu,864,0.2179
clahe,opencv_cpu,cpu,865,0.2037
clahe,opencv_cpu,cpu,866,0.1967
clahe,opencv_cpu,cpu,867,0.2031
clahe,opencv_cpu,cpu,868,0.3097
clahe,opencv_cpu,cpu,869,0.4263
clahe,opencv_cpu,cpu,870,0.2191
clahe,opencv_cpu,cpu,871,0.1841
clahe,opencv_cpu,cpu,872,0.1945
clahe,opencv_cpu,cpu,873,0.2141
clahe,opencv_cpu,cpu,874,0.5638
clahe,opencv_cpu,cpu,875,0.5405
clahe,opencv_cpu,cpu,876,0.286
clahe,opencv_cpu,cpu,877,0.2395
clahe,opencv_cpu,cpu,878,0.2388
clahe,opencv_cpu,cpu,879,0.28
clahe,opencv_cpu,cpu,880,0.4362
clahe,opencv_cpu,cpu,881,0.2872
clahe,opencv_cpu,cpu,882,0.2234
clahe,opencv_cpu,cpu,883,0.1857
clahe,opencv_cpu,cpu,884,0.1865
clahe,opencv_cpu,cpu,885,0.3283
clahe,opencv_cpu,cpu,886,0.2566
clahe,opencv_cpu,cpu,887,0.2325
clahe,opencv_cpu,cpu,888,0.231
clahe,opencv_cpu,cpu,889,0.1917
clahe,opencv_cpu,cpu,890,0.1914
clahe,opencv_cpu,cpu,891,0.1948
clahe,opencv_cpu,cpu,892,0.1997
clahe,opencv_cpu,cpu,893,0.1854
clahe,opencv_cpu,cpu,894,0.1886
clahe,opencv_cpu,cpu,895,0.2009
clahe,opencv_cpu,cpu,896,0.1954
clahe,opencv_cpu,cpu,897,0.1838
clahe,opencv_cpu,cpu,898,0.1871
clahe,opencv_cpu,cpu,899,0.2066
clahe,opencv_cpu,cpu,900,0.1953
clahe,opencv_cpu,cpu,901,0.1876
clahe,opencv_cpu,cpu,902,0.2085
clahe,opencv_cpu,cpu,903,0.183
clahe,opencv_cpu,cpu,904,0.1815
clahe,opencv_cpu,cpu,905,0.1979
clahe,opencv_cpu,cpu,906,0.1912
clahe,opencv_cpu,cpu,907,0.2027
clahe,opencv_cpu,cpu,908,0.201
clahe,opencv_cpu,cpu,909,0.1841
clahe,opencv_cpu,cpu,910,0.2021
clahe,opencv_cpu,cpu,911,0.1905
clahe,opencv_cpu,cpu,912,0.186
clahe,opencv_cpu,cpu,913,0.2325
clahe,opencv_cpu,cpu,914,0.249
clahe,opencv_cpu,cpu,915,0.1988
clahe,opencv_cpu,cpu,916,0.184
clahe,opencv_cpu,cpu,917,0.1813
clahe,opencv_cpu,cpu,918,0.2091
clahe,opencv_cpu,cpu,919,0.2084
clahe,opencv_cpu,cpu,920,0.2067
clahe,opencv_cpu,cpu,921,0.1936
clahe,opencv_cpu,cpu,922,0.2172
clahe,opencv_cpu,cpu,923,0.2042
clahe,opencv_cpu,cpu,924,0.2148
clahe,opencv_cpu,cpu,925,0.2049
clahe,opencv_cpu,cpu,926,0.2006
clahe,opencv_cpu,cpu,927,0.1923
clahe,opencv_cpu,cpu,928,0.1974
clahe,opencv_cpu,cpu,929,0.2102
clahe,opencv_cpu,cpu,930,0.1978
clahe,opencv_cpu,cpu,931,0.1873
clahe,opencv_cpu,cpu,932,0.1984
clahe,opencv_cpu,cpu,933,0.1956
clahe,opencv_cpu,cpu,934,0.2172
clahe,opencv_cpu,cpu,935,0.2046
clahe,opencv_cpu,cpu,936,0.1945
clahe,opencv_cpu,cpu,937,0.1934
clahe,opencv_cpu,cpu,938,0.2179
clahe,opencv_cpu,cpu,939,0.2562
clahe,opencv_cpu,cpu,940,0.2202
clahe,opencv_cpu,cpu,941,0.2177
clahe,opencv_cpu,cpu,942,0.1933
clahe,opencv_cpu,cpu,943,0.1777
clahe,opencv_cpu,cpu,944,0.1814
clahe,opencv_cpu,cpu,945,0.2094
clahe,opencv_cpu,cpu,946,0.1849
clahe,opencv_cpu,cpu,947,0.2048
clahe,opencv_cpu,cpu,948,0.1994
clahe,opencv_cpu,cpu,949,0.2053
clahe,opencv_cpu,cpu,950,0.1945
clahe,opencv_cpu,cpu,951,0.1836
clahe,opencv_cpu,cpu,952,0.1978
clahe,opencv_cpu,cpu,953,0.1978
clahe,opencv_cpu,cpu,954,0.2029
clahe,opencv_cpu,cpu,955,0.3497
clahe,opencv_cpu,cpu,956,0.2798
clahe,opencv_cpu,cpu,957,0.3034
clahe,opencv_cpu,cpu,958,0.3298
clahe,opencv_cpu,cpu,959,0.2435
clahe,opencv_cpu,cpu,960,0.2383
clahe,opencv_cpu,cpu,961,0.2298
clahe,opencv_cpu,cpu,962,0.2841
clahe,opencv_cpu,cpu,963,0.2399
clahe,opencv_cpu,cpu,964,0.2071
clahe,opencv_cpu,cpu,965,0.1802
clahe,opencv_cpu,cpu,966,0.2622
clahe,opencv_cpu,cpu,967,0.2029
clahe,opencv_cpu,cpu,968,0.1917
clahe,opencv_cpu,cpu,969,0.1985
clahe,opencv_cpu,cpu,970,0.2603
clahe,opencv_cpu,cpu,971,0.277
clahe,opencv_cpu,cpu,972,0.1997
clahe,opencv_cpu,cpu,973,0.198
clahe,opencv_cpu,cpu,974,0.2598
clahe,opencv_cpu,cpu,975,0.2514
clahe,opencv_cpu,cpu,976,0.2038
clahe,opencv_cpu,cpu,977,0.1965
clahe,opencv_cpu,cpu,978,0.1967
clahe,opencv_cpu,cpu,979,0.2057
clahe,opencv_cpu,cpu,980,0.1947
clahe,opencv_cpu,cpu,981,0.1896
clahe,opencv_cpu,cpu,982,0.2044
clahe,opencv_cpu,cpu,983,0.1994
clahe,opencv_cpu,cpu,984,0.1941
clahe,opencv_cpu,cpu,985,0.2056
clahe,opencv_cpu,cpu,986,0.1759
clahe,opencv_cpu,cpu,987,0.2433
clahe,opencv_cpu,cpu,988,0.2018
clahe,opencv_cpu,cpu,989,0.2186
clahe,opencv_cpu,cpu,990,0.2012
clahe,opencv_cpu,cpu,991,0.1978
clahe,opencv_cpu,cpu,992,0.2162
clahe,opencv_cpu,cpu,993,0.2097
clahe,opencv_cpu,cpu,994,0.2041
clahe,opencv_cpu,cpu,995,0.1941
clahe,opencv_cpu,cpu,996,0.1906
clahe,opencv_cpu,cpu,997,0.1843
clahe,opencv_cpu,cpu,998,0.2099
clahe,opencv_cpu,cpu,999,0.1991
cnn,pytorch_cuda,cuda,0,0.3298560082912445
cnn,pytorch_cuda,cuda,1,0.5725119709968567
cnn,pytorch_cuda,cuda,2,0.5687360167503357
cnn,pytorch_cuda,cuda,3,0.3255999982357025
cnn,pytorch_cuda,cuda,4,0.3285439908504486
cnn,pytorch_cuda,cuda,5,0.3293119966983795
cnn,pytorch_cuda,cuda,6,0.32873600721359253
cnn,pytorch_cuda,cuda,7,0.3287999927997589
cnn,pytorch_cuda,cuda,8,0.5153599977493286
cnn,pytorch_cuda,cuda,9,0.6001920104026794
cnn,pytorch_cuda,cuda,10,0.460671991109848
cnn,pytorch_cuda,cuda,11,0.33087998628616333
cnn,pytorch_cuda,cuda,12,0.328575998544693
cnn,pytorch_cuda,cuda,13,0.32873600721359253
cnn,pytorch_cuda,cuda,14,0.3287679851055145
cnn,pytorch_cuda,cuda,15,0.4511359930038452
cnn,pytorch_cuda,cuda,16,2.342047929763794
cnn,pytorch_cuda,cuda,17,0.6192319989204407
cnn,pytorch_cuda,cuda,18,0.7040320038795471
cnn,pytorch_cuda,cuda,19,0.4639360010623932
cnn,pytorch_cuda,cuda,20,0.33078399300575256
cnn,pytorch_cuda,cuda,21,0.3346880078315735
cnn,pytorch_cuda,cuda,22,0.6878399848937988
cnn,pytorch_cuda,cuda,23,0.3391680121421814
cnn,pytorch_cuda,cuda,24,0.3312320113182068
cnn,pytorch_cuda,cuda,25,0.3306879997253418
cnn,pytorch_cuda,cuda,26,0.32892799377441406
cnn,pytorch_cuda,cuda,27,0.33139199018478394
cnn,pytorch_cuda,cuda,28,0.5060160160064697
cnn,pytorch_cuda,cuda,29,0.5930879712104797
cnn,pytorch_cuda,cuda,30,0.3372800052165985
cnn,pytorch_cuda,cuda,31,0.33289599418640137
cnn,pytorch_cuda,cuda,32,0.32927998900413513
cnn,pytorch_cuda,cuda,33,0.33129599690437317
cnn,pytorch_cuda,cuda,34,0.46617600321769714
cnn,pytorch_cuda,cuda,35,0.6016640067100525
cnn,pytorch_cuda,cuda,36,0.46239998936653137
cnn,pytorch_cuda,cuda,37,0.33110401034355164
cnn,pytorch_cuda,cuda,38,0.33129599690437317
cnn,pytorch_cuda,cuda,39,0.3306240141391754
cnn,pytorch_cuda,cuda,40,0.6093440055847168
cnn,pytorch_cuda,cuda,41,0.913919985294342
cnn,pytorch_cuda,cuda,42,0.8834239840507507
cnn,pytorch_cuda,cuda,43,0.3397440016269684
cnn,pytorch_cuda,cuda,44,0.32947200536727905
cnn,pytorch_cuda,cuda,45,0.3351359963417053
cnn,pytorch_cuda,cuda,46,0.6727359890937805
cnn,pytorch_cuda,cuda,47,0.3784320056438446
cnn,pytorch_cuda,cuda,48,0.33139199018478394
cnn,pytorch_cuda,cuda,49,0.3312320113182068
cnn,pytorch_cuda,cuda,50,0.3452160060405731
cnn,pytorch_cuda,cuda,51,0.3370879888534546
cnn,pytorch_cuda,cuda,52,0.3323200047016144
cnn,pytorch_cuda,cuda,53,0.6693440079689026
cnn,pytorch_cuda,cuda,54,0.3295679986476898
cnn,pytorch_cuda,cuda,55,0.3314560055732727
cnn,pytorch_cuda,cuda,56,0.33273598551750183
cnn,pytorch_cuda,cuda,57,0.3325119912624359
cnn,pytorch_cuda,cuda,58,0.3312639892101288
cnn,pytorch_cuda,cuda,59,0.3309119939804077
cnn,pytorch_cuda,cuda,60,0.3816959857940674
cnn,pytorch_cuda,cuda,61,0.5652480125427246
cnn,pytorch_cuda,cuda,62,0.3831680119037628
cnn,pytorch_cuda,cuda,63,0.3307519853115082
cnn,pytorch_cuda,cuda,64,0.3306879997253418
cnn,pytorch_cuda,cuda,65,0.3288320004940033
cnn,pytorch_cuda,cuda,66,0.32873600721359253
cnn,pytorch_cuda,cuda,67,0.5767999887466431
cnn,pytorch_cuda,cuda,68,0.5634559988975525
cnn,pytorch_cuda,cuda,69,0.3293119966983795
cnn,pytorch_cuda,cuda,70,0.3309760093688965
cnn,pytorch_cuda,cuda,71,0.6191040277481079
cnn,pytorch_cuda,cuda,72,0.6683520078659058
cnn,pytorch_cuda,cuda,73,0.6052160263061523
cnn,pytorch_cuda,cuda,74,0.3271999955177307
cnn,pytorch_cuda,cuda,75,0.3309760093688965
cnn,pytorch_cuda,cuda,76,0.3742719888687134
cnn,pytorch_cuda,cuda,77,0.3287679851055145
cnn,pytorch_cuda,cuda,78,0.33107200264930725
cnn,pytorch_cuda,cuda,79,0.517408013343811
cnn,pytorch_cuda,cuda,80,0.5637440085411072
cnn,pytorch_cuda,cuda,81,0.3325439989566803
cnn,pytorch_cuda,cuda,82,0.32844799757003784
cnn,pytorch_cuda,cuda,83,0.33260801434516907
cnn,pytorch_cuda,cuda,84,0.3298879861831665
cnn,pytorch_cuda,cuda,85,0.4660159945487976
cnn,pytorch_cuda,cuda,86,0.4610239863395691
cnn,pytorch_cuda,cuda,87,0.324864000082016
cnn,pytorch_cuda,cuda,88,0.3298240005970001
cnn,pytorch_cuda,cuda,89,0.3283520042896271
cnn,pytorch_cuda,cuda,90,0.32950401306152344
cnn,pytorch_cuda,cuda,91,0.32943999767303467
cnn,pytorch_cuda,cuda,92,0.46511998772621155
cnn,pytorch_cuda,cuda,93,0.37507200241088867
cnn,pytorch_cuda,cuda,94,0.3312000036239624
cnn,pytorch_cuda,cuda,95,0.3287679851055145
cnn,pytorch_cuda,cuda,96,0.3293119966983795
cnn,pytorch_cuda,cuda,97,0.33375999331474304
cnn,pytorch_cuda,cuda,98,0.3307200074195862
cnn,pytorch_cuda,cuda,99,0.3309119939804077
cnn,pytorch_cuda,cuda,100,0.46166399121284485
cnn,pytorch_cuda,cuda,101,0.4866879880428314
cnn,pytorch_cuda,cuda,102,0.5461120009422302
cnn,pytorch_cuda,cuda,103,0.3346880078315735
cnn,pytorch_cuda,cuda,104,0.3396799862384796
cnn,pytorch_cuda,cuda,105,2.280672073364258
cnn,pytorch_cuda,cuda,106,0.34326401352882385
cnn,pytorch_cuda,cuda,107,0.5759680271148682
cnn,pytorch_cuda,cuda,108,0.3378880023956299
cnn,pytorch_cuda,cuda,109,0.3284800052642822
cnn,pytorch_cuda,cuda,110,0.33324798941612244
cnn,pytorch_cuda,cuda,111,0.3702079951763153
cnn,pytorch_cuda,cuda,112,0.32892799377441406
cnn,pytorch_cuda,cuda,113,0.3306879997253418
cnn,pytorch_cuda,cuda,114,0.3401600122451782
cnn,pytorch_cuda,cuda,115,0.3314239978790283
cnn,pytorch_cuda,cuda,116,0.3288640081882477
cnn,pytorch_cuda,cuda,117,0.32927998900413513
cnn,pytorch_cuda,cuda,118,0.3306240141391754
cnn,pytorch_cuda,cuda,119,0.32844799757003784
cnn,pytorch_cuda,cuda,120,0.3288959860801697
cnn,pytorch_cuda,cuda,121,0.32896000146865845
cnn,pytorch_cuda,cuda,122,0.3436160087585449
cnn,pytorch_cuda,cuda,123,0.3304640054702759
cnn,pytorch_cuda,cuda,124,0.3282560110092163
cnn,pytorch_cuda,cuda,125,0.32899200916290283
cnn,pytorch_cuda,cuda,126,0.32915198802948
cnn,pytorch_cuda,cuda,127,0.33084800839424133
cnn,pytorch_cuda,cuda,128,0.3284800052642822
cnn,pytorch_cuda,cuda,129,0.6096320152282715
cnn,pytorch_cuda,cuda,130,0.7685120105743408
cnn,pytorch_cuda,cuda,131,0.34518399834632874
cnn,pytorch_cuda,cuda,132,0.32899200916290283
cnn,pytorch_cuda,cuda,133,0.33059200644493103
cnn,pytorch_cuda,cuda,134,0.3333759903907776
cnn,pytorch_cuda,cuda,135,0.33081600069999695
cnn,pytorch_cuda,cuda,136,0.34220799803733826
cnn,pytorch_cuda,cuda,137,0.3312320113182068
cnn,pytorch_cuda,cuda,138,0.32864001393318176
cnn,pytorch_cuda,cuda,139,0.3318080008029938
cnn,pytorch_cuda,cuda,140,0.47094398736953735
cnn,pytorch_cuda,cuda,141,0.33900800347328186
cnn,pytorch_cuda,cuda,142,0.33132800459861755
cnn,pytorch_cuda,cuda,143,0.47017601132392883
cnn,pytorch_cuda,cuda,144,0.33273598551750183
cnn,pytorch_cuda,cuda,145,0.3288320004940033
cnn,pytorch_cuda,cuda,146,0.32896000146865845
cnn,pytorch_cuda,cuda,147,0.3314880132675171
cnn,pytorch_cuda,cuda,148,0.33244800567626953
cnn,pytorch_cuda,cuda,149,0.3302080035209656
cnn,pytorch_cuda,cuda,150,0.3306879997253418
cnn,pytorch_cuda,cuda,151,0.3527359962463379
cnn,pytorch_cuda,cuda,152,0.3314880132675171
cnn,pytorch_cuda,cuda,153,0.3288640081882477
cnn,pytorch_cuda,cuda,154,0.3293760120868683
cnn,pytorch_cuda,cuda,155,0.3331199884414673
cnn,pytorch_cuda,cuda,156,0.3314880132675171
cnn,pytorch_cuda,cuda,157,0.3288959860801697
cnn,pytorch_cuda,cuda,158,0.3293119966983795
cnn,pytorch_cuda,cuda,159,0.32870399951934814
cnn,pytorch_cuda,cuda,160,0.3299199938774109
cnn,pytorch_cuda,cuda,161,0.3303680121898651
cnn,pytorch_cuda,cuda,162,0.3288640081882477
cnn,pytorch_cuda,cuda,163,0.47993600368499756
cnn,pytorch_cuda,cuda,164,0.731007993221283
cnn,pytorch_cuda,cuda,165,0.33987200260162354
cnn,pytorch_cuda,cuda,166,0.33087998628616333
cnn,pytorch_cuda,cuda,167,0.3270399868488312
cnn,pytorch_cuda,cuda,168,0.328575998544693
cnn,pytorch_cuda,cuda,169,0.3306559920310974
cnn,pytorch_cuda,cuda,170,0.32902398705482483
cnn,pytorch_cuda,cuda,171,0.33267199993133545
cnn,pytorch_cuda,cuda,172,0.3288959860801697
cnn,pytorch_cuda,cuda,173,0.33321601152420044
cnn,pytorch_cuda,cuda,174,0.328575998544693
cnn,pytorch_cuda,cuda,175,0.3330880105495453
cnn,pytorch_cuda,cuda,176,0.3287999927997589
cnn,pytorch_cuda,cuda,177,0.32896000146865845
cnn,pytorch_cuda,cuda,178,0.33081600069999695
cnn,pytorch_cuda,cuda,179,0.3306879997253418
cnn,pytorch_cuda,cuda,180,0.33113598823547363
cnn,pytorch_cuda,cuda,181,0.33260801434516907
cnn,pytorch_cuda,cuda,182,0.3306879997253418
cnn,pytorch_cuda,cuda,183,0.3312000036239624
cnn,pytorch_cuda,cuda,184,0.33184000849723816
cnn,pytorch_cuda,cuda,185,0.33113598823547363
cnn,pytorch_cuda,cuda,186,0.33292800188064575
cnn,pytorch_cuda,cuda,187,0.3314560055732727
cnn,pytorch_cuda,cuda,188,0.33110401034355164
cnn,pytorch_cuda,cuda,189,0.33059200644493103
cnn,pytorch_cuda,cuda,190,0.33004799485206604
cnn,pytorch_cuda,cuda,191,0.3314560055732727
cnn,pytorch_cuda,cuda,192,0.37567999958992004
cnn,pytorch_cuda,cuda,193,0.37062400579452515
cnn,pytorch_cuda,cuda,194,0.4612799882888794
cnn,pytorch_cuda,cuda,195,0.36847999691963196
cnn,pytorch_cuda,cuda,196,0.3314239978790283
cnn,pytorch_cuda,cuda,197,0.37091198563575745
cnn,pytorch_cuda,cuda,198,0.3303999900817871
cnn,pytorch_cuda,cuda,199,0.3287999927997589
cnn,pytorch_cuda,cuda,200,0.4841279983520508
cnn,pytorch_cuda,cuda,201,0.6924160122871399
cnn,pytorch_cuda,cuda,202,0.3455039858818054
cnn,pytorch_cuda,cuda,203,0.33081600069999695
cnn,pytorch_cuda,cuda,204,0.3293440043926239
cnn,pytorch_cuda,cuda,205,0.32943999767303467
cnn,pytorch_cuda,cuda,206,0.32915198802948
cnn,pytorch_cuda,cuda,207,0.32927998900413513
cnn,pytorch_cuda,cuda,208,0.3307200074195862
cnn,pytorch_cuda,cuda,209,0.33299198746681213
cnn,pytorch_cuda,cuda,210,2.8083839416503906
cnn,pytorch_cuda,cuda,211,0.45187199115753174
cnn,pytorch_cuda,cuda,212,0.3333440124988556
cnn,pytorch_cuda,cuda,213,0.33129599690437317
cnn,pytorch_cuda,cuda,214,0.3290880024433136
cnn,pytorch_cuda,cuda,215,0.33321601152420044
cnn,pytorch_cuda,cuda,216,0.6143040060997009
cnn,pytorch_cuda,cuda,217,0.46588799357414246
cnn,pytorch_cuda,cuda,218,0.32867199182510376
cnn,pytorch_cuda,cuda,219,0.32870399951934814
cnn,pytorch_cuda,cuda,220,0.33132800459861755
cnn,pytorch_cuda,cuda,221,0.3306559920310974
cnn,pytorch_cuda,cuda,222,0.33129599690437317
cnn,pytorch_cuda,cuda,223,0.3306559920310974
cnn,pytorch_cuda,cuda,224,0.3270399868488312
cnn,pytorch_cuda,cuda,225,0.33273598551750183
cnn,pytorch_cuda,cuda,226,0.3325760066509247
cnn,pytorch_cuda,cuda,227,0.33267199993133545
cnn,pytorch_cuda,cuda,228,0.3327679932117462
cnn,pytorch_cuda,cuda,229,0.33129599690437317
cnn,pytorch_cuda,cuda,230,0.6783679723739624
cnn,pytorch_cuda,cuda,231,0.6321920156478882
cnn,pytorch_cuda,cuda,232,0.34515199065208435
cnn,pytorch_cuda,cuda,233,0.33087998628616333
cnn,pytorch_cuda,cuda,234,0.3394879996776581
cnn,pytorch_cuda,cuda,235,0.3306559920310974
cnn,pytorch_cuda,cuda,236,0.3312320113182068
cnn,pytorch_cuda,cuda,237,0.3307519853115082
cnn,pytorch_cuda,cuda,238,0.3293119966983795
cnn,pytorch_cuda,cuda,239,0.3312639892101288
cnn,pytorch_cuda,cuda,240,0.3314560055732727
cnn,pytorch_cuda,cuda,241,0.3312000036239624
cnn,pytorch_cuda,cuda,242,0.3596479892730713
cnn,pytorch_cuda,cuda,243,0.3657599985599518
cnn,pytorch_cuda,cuda,244,0.3314239978790283
cnn,pytorch_cuda,cuda,245,0.35359999537467957
cnn,pytorch_cuda,cuda,246,0.32947200536727905
cnn,pytorch_cuda,cuda,247,0.33321601152420044
cnn,pytorch_cuda,cuda,248,0.33081600069999695
cnn,pytorch_cuda,cuda,249,0.33103999495506287
cnn,pytorch_cuda,cuda,250,0.33475199341773987
cnn,pytorch_cuda,cuda,251,0.33744001388549805
cnn,pytorch_cuda,cuda,252,0.3417600095272064
cnn,pytorch_cuda,cuda,253,0.3295679986476898
cnn,pytorch_cuda,cuda,254,0.3314880132675171
cnn,pytorch_cuda,cuda,255,0.33084800839424133
cnn,pytorch_cuda,cuda,256,0.34198400378227234
cnn,pytorch_cuda,cuda,257,0.33110401034355164
cnn,pytorch_cuda,cuda,258,0.32867199182510376
cnn,pytorch_cuda,cuda,259,0.3314560055732727
cnn,pytorch_cuda,cuda,260,0.3476479947566986
cnn,pytorch_cuda,cuda,261,0.32864001393318176
cnn,pytorch_cuda,cuda,262,0.33049601316452026
cnn,pytorch_cuda,cuda,263,0.33113598823547363
cnn,pytorch_cuda,cuda,264,0.3336319923400879
cnn,pytorch_cuda,cuda,265,0.3312639892101288
cnn,pytorch_cuda,cuda,266,0.39827200770378113
cnn,pytorch_cuda,cuda,267,0.3312320113182068
cnn,pytorch_cuda,cuda,268,0.4923839867115021
cnn,pytorch_cuda,cuda,269,0.7410240173339844
cnn,pytorch_cuda,cuda,270,0.4840640127658844
cnn,pytorch_cuda,cuda,271,0.33481600880622864
cnn,pytorch_cuda,cuda,272,0.3304640054702759
cnn,pytorch_cuda,cuda,273,0.3306879997253418
cnn,pytorch_cuda,cuda,274,0.3332799971103668
cnn,pytorch_cuda,cuda,275,0.33139199018478394
cnn,pytorch_cuda,cuda,276,0.37094399333000183
cnn,pytorch_cuda,cuda,277,0.33055999875068665
cnn,pytorch_cuda,cuda,278,0.32918399572372437
cnn,pytorch_cuda,cuda,279,0.3285120129585266
cnn,pytorch_cuda,cuda,280,0.33158400654792786
cnn,pytorch_cuda,cuda,281,0.3312639892101288
cnn,pytorch_cuda,cuda,282,0.3306559920310974
cnn,pytorch_cuda,cuda,283,0.33296000957489014
cnn,pytorch_cuda,cuda,284,0.34143999218940735
cnn,pytorch_cuda,cuda,285,0.3729279935359955
cnn,pytorch_cuda,cuda,286,0.3290559947490692
cnn,pytorch_cuda,cuda,287,0.6488639712333679
cnn,pytorch_cuda,cuda,288,0.3429439961910248
cnn,pytorch_cuda,cuda,289,0.3312320113182068
cnn,pytorch_cuda,cuda,290,0.3288640081882477
cnn,pytorch_cuda,cuda,291,0.328575998544693
cnn,pytorch_cuda,cuda,292,0.3330560028553009
cnn,pytorch_cuda,cuda,293,0.47247999906539917
cnn,pytorch_cuda,cuda,294,0.3391680121421814
cnn,pytorch_cuda,cuda,295,0.33084800839424133
cnn,pytorch_cuda,cuda,296,0.3309440016746521
cnn,pytorch_cuda,cuda,297,0.3309760093688965
cnn,pytorch_cuda,cuda,298,0.33081600069999695
cnn,pytorch_cuda,cuda,299,0.3314239978790283
cnn,pytorch_cuda,cuda,300,0.3288959860801697
cnn,pytorch_cuda,cuda,301,0.4548160135746002
cnn,pytorch_cuda,cuda,302,0.3372800052165985
cnn,pytorch_cuda,cuda,303,0.33110401034355164
cnn,pytorch_cuda,cuda,304,0.6225600242614746
cnn,pytorch_cuda,cuda,305,0.5501440167427063
cnn,pytorch_cuda,cuda,306,0.3352319896221161
cnn,pytorch_cuda,cuda,307,0.48256000876426697
cnn,pytorch_cuda,cuda,308,0.3389439880847931
cnn,pytorch_cuda,cuda,309,0.3290559947490692
cnn,pytorch_cuda,cuda,310,0.33059200644493103
cnn,pytorch_cuda,cuda,311,0.3330239951610565
cnn,pytorch_cuda,cuda,312,0.32896000146865845
cnn,pytorch_cuda,cuda,313,0.3412480056285858
cnn,pytorch_cuda,cuda,314,0.3606080114841461
cnn,pytorch_cuda,cuda,315,0.3418239951133728
cnn,pytorch_cuda,cuda,316,0.33103999495506287
cnn,pytorch_cuda,cuda,317,0.3312320113182068
cnn,pytorch_cuda,cuda,318,0.3315199911594391
cnn,pytorch_cuda,cuda,319,0.3314560055732727
cnn,pytorch_cuda,cuda,320,2.2589120864868164
cnn,pytorch_cuda,cuda,321,0.34006398916244507
cnn,pytorch_cuda,cuda,322,0.4556159973144531
cnn,pytorch_cuda,cuda,323,0.6766080260276794
cnn,pytorch_cuda,cuda,324,0.33881598711013794
cnn,pytorch_cuda,cuda,325,0.33324798941612244
cnn,pytorch_cuda,cuda,326,0.33113598823547363
cnn,pytorch_cuda,cuda,327,0.3420799970626831
cnn,pytorch_cuda,cuda,328,0.32896000146865845
cnn,pytorch_cuda,cuda,329,0.6168000102043152
cnn,pytorch_cuda,cuda,330,0.6355199813842773
cnn,pytorch_cuda,cuda,331,0.3457599878311157
cnn,pytorch_cuda,cuda,332,0.3654080033302307
cnn,pytorch_cuda,cuda,333,0.3327679932117462
cnn,pytorch_cuda,cuda,334,0.3307200074195862
cnn,pytorch_cuda,cuda,335,0.6237760186195374
cnn,pytorch_cuda,cuda,336,0.3392319977283478
cnn,pytorch_cuda,cuda,337,0.3309760093688965
cnn,pytorch_cuda,cuda,338,0.3287679851055145
cnn,pytorch_cuda,cuda,339,0.3309119939804077
cnn,pytorch_cuda,cuda,340,0.3310079872608185
cnn,pytorch_cuda,cuda,341,0.33052799105644226
cnn,pytorch_cuda,cuda,342,0.3316799998283386
cnn,pytorch_cuda,cuda,343,0.3514559864997864
cnn,pytorch_cuda,cuda,344,0.32838401198387146
cnn,pytorch_cuda,cuda,345,0.33055999875068665
cnn,pytorch_cuda,cuda,346,0.33103999495506287
cnn,pytorch_cuda,cuda,347,0.3331199884414673
cnn,pytorch_cuda,cuda,348,0.3341119885444641
cnn,pytorch_cuda,cuda,349,0.3325119912624359
cnn,pytorch_cuda,cuda,350,0.4792639911174774
cnn,pytorch_cuda,cuda,351,0.33904001116752625
cnn,pytorch_cuda,cuda,352,0.3314239978790283
cnn,pytorch_cuda,cuda,353,0.3312000036239624
cnn,pytorch_cuda,cuda,354,0.3309119939804077
cnn,pytorch_cuda,cuda,355,0.3285120129585266
cnn,pytorch_cuda,cuda,356,0.32870399951934814
cnn,pytorch_cuda,cuda,357,0.3314560055732727
cnn,pytorch_cuda,cuda,358,0.489439994096756
cnn,pytorch_cuda,cuda,359,0.3370879888534546
cnn,pytorch_cuda,cuda,360,0.3314239978790283
cnn,pytorch_cuda,cuda,361,0.33129599690437317
cnn,pytorch_cuda,cuda,362,0.3309760093688965
cnn,pytorch_cuda,cuda,363,0.610368013381958
cnn,pytorch_cuda,cuda,364,0.6982399821281433
cnn,pytorch_cuda,cuda,365,0.3450239896774292
cnn,pytorch_cuda,cuda,366,0.33059200644493103
cnn,pytorch_cuda,cuda,367,0.3293119966983795
cnn,pytorch_cuda,cuda,368,0.3306879997253418
cnn,pytorch_cuda,cuda,369,0.33136001229286194
cnn,pytorch_cuda,cuda,370,0.33081600069999695
cnn,pytorch_cuda,cuda,371,0.331167995929718
cnn,pytorch_cuda,cuda,372,0.3312639892101288
cnn,pytorch_cuda,cuda,373,0.3978239893913269
cnn,pytorch_cuda,cuda,374,0.32864001393318176
cnn,pytorch_cuda,cuda,375,0.333407998085022
cnn,pytorch_cuda,cuda,376,0.3304640054702759
cnn,pytorch_cuda,cuda,377,0.3325439989566803
cnn,pytorch_cuda,cuda,378,0.3673279881477356
cnn,pytorch_cuda,cuda,379,0.33129599690437317
cnn,pytorch_cuda,cuda,380,0.33052799105644226
cnn,pytorch_cuda,cuda,381,0.4853439927101135
cnn,pytorch_cuda,cuda,382,0.33321601152420044
cnn,pytorch_cuda,cuda,383,0.33139199018478394
cnn,pytorch_cuda,cuda,384,0.3288320004940033
cnn,pytorch_cuda,cuda,385,0.384223997592926
cnn,pytorch_cuda,cuda,386,0.3288640081882477
cnn,pytorch_cuda,cuda,387,0.3290880024433136
cnn,pytorch_cuda,cuda,388,0.33113598823547363
cnn,pytorch_cuda,cuda,389,0.47996801137924194
cnn,pytorch_cuda,cuda,390,0.33667200803756714
cnn,pytorch_cuda,cuda,391,0.3309440016746521
cnn,pytorch_cuda,cuda,392,0.3309440016746521
cnn,pytorch_cuda,cuda,393,0.331167995929718
cnn,pytorch_cuda,cuda,394,0.331167995929718
cnn,pytorch_cuda,cuda,395,0.3383040130138397
cnn,pytorch_cuda,cuda,396,0.3307519853115082
cnn,pytorch_cuda,cuda,397,0.47523200511932373
cnn,pytorch_cuda,cuda,398,0.34307199716567993
cnn,pytorch_cuda,cuda,399,0.6170880198478699
cnn,pytorch_cuda,cuda,400,0.5462719798088074
cnn,pytorch_cuda,cuda,401,0.3353919982910156
cnn,pytorch_cuda,cuda,402,0.3304319977760315
cnn,pytorch_cuda,cuda,403,0.36393600702285767
cnn,pytorch_cuda,cuda,404,0.3418560028076172
cnn,pytorch_cuda,cuda,405,0.33087998628616333
cnn,pytorch_cuda,cuda,406,0.33055999875068665
cnn,pytorch_cuda,cuda,407,0.3307519853115082
cnn,pytorch_cuda,cuda,408,0.3639039993286133
cnn,pytorch_cuda,cuda,409,0.3293119966983795
cnn,pytorch_cuda,cuda,410,0.3307519853115082
cnn,pytorch_cuda,cuda,411,0.3314239978790283
cnn,pytorch_cuda,cuda,412,0.3420479893684387
cnn,pytorch_cuda,cuda,413,0.3325439989566803
cnn,pytorch_cuda,cuda,414,0.329120010137558
cnn,pytorch_cuda,cuda,415,0.3287999927997589
cnn,pytorch_cuda,cuda,416,0.33321601152420044
cnn,pytorch_cuda,cuda,417,0.3306559920310974
cnn,pytorch_cuda,cuda,418,0.33139199018478394
cnn,pytorch_cuda,cuda,419,0.3294079899787903
cnn,pytorch_cuda,cuda,420,0.4687359929084778
cnn,pytorch_cuda,cuda,421,2.1435840129852295
cnn,pytorch_cuda,cuda,422,0.34598401188850403
cnn,pytorch_cuda,cuda,423,0.33132800459861755
cnn,pytorch_cuda,cuda,424,0.3318080008029938
cnn,pytorch_cuda,cuda,425,0.3328000009059906
cnn,pytorch_cuda,cuda,426,0.6850559711456299
cnn,pytorch_cuda,cuda,427,0.49161601066589355
cnn,pytorch_cuda,cuda,428,0.6952319741249084
cnn,pytorch_cuda,cuda,429,0.6351040005683899
cnn,pytorch_cuda,cuda,430,0.34723201394081116
cnn,pytorch_cuda,cuda,431,0.3309119939804077
cnn,pytorch_cuda,cuda,432,0.3378559947013855
cnn,pytorch_cuda,cuda,433,0.33507201075553894
cnn,pytorch_cuda,cuda,434,0.4824959933757782
cnn,pytorch_cuda,cuda,435,0.3347199857234955
cnn,pytorch_cuda,cuda,436,0.3309760093688965
cnn,pytorch_cuda,cuda,437,0.32716798782348633
cnn,pytorch_cuda,cuda,438,0.32927998900413513
cnn,pytorch_cuda,cuda,439,0.33059200644493103
cnn,pytorch_cuda,cuda,440,0.33475199341773987
cnn,pytorch_cuda,cuda,441,0.3758400082588196
cnn,pytorch_cuda,cuda,442,0.343423992395401
cnn,pytorch_cuda,cuda,443,0.3474560081958771
cnn,pytorch_cuda,cuda,444,0.34300801157951355
cnn,pytorch_cuda,cuda,445,0.3290880024433136
cnn,pytorch_cuda,cuda,446,0.3309119939804077
cnn,pytorch_cuda,cuda,447,0.33263999223709106
cnn,pytorch_cuda,cuda,448,0.3309760093688965
cnn,pytorch_cuda,cuda,449,0.4050559997558594
cnn,pytorch_cuda,cuda,450,0.3412800133228302
cnn,pytorch_cuda,cuda,451,0.32915198802948
cnn,pytorch_cuda,cuda,452,0.33103999495506287
cnn,pytorch_cuda,cuda,453,0.33139199018478394
cnn,pytorch_cuda,cuda,454,0.33129599690437317
cnn,pytorch_cuda,cuda,455,0.33263999223709106
cnn,pytorch_cuda,cuda,456,0.33052799105644226
cnn,pytorch_cuda,cuda,457,0.331167995929718
cnn,pytorch_cuda,cuda,458,0.4659839868545532
cnn,pytorch_cuda,cuda,459,0.34303998947143555
cnn,pytorch_cuda,cuda,460,0.32844799757003784
cnn,pytorch_cuda,cuda,461,0.36473599076271057
cnn,pytorch_cuda,cuda,462,0.32915198802948
cnn,pytorch_cuda,cuda,463,0.6842880249023438
cnn,pytorch_cuda,cuda,464,0.3420160114765167
cnn,pytorch_cuda,cuda,465,0.49644801020622253
cnn,pytorch_cuda,cuda,466,0.3811520040035248
cnn,pytorch_cuda,cuda,467,0.33103999495506287
cnn,pytorch_cuda,cuda,468,0.331167995929718
cnn,pytorch_cuda,cuda,469,0.3290559947490692
cnn,pytorch_cuda,cuda,470,0.33113598823547363
cnn,pytorch_cuda,cuda,471,0.3312320113182068
cnn,pytorch_cuda,cuda,472,0.33136001229286194
cnn,pytorch_cuda,cuda,473,0.4772160053253174
cnn,pytorch_cuda,cuda,474,0.33535999059677124
cnn,pytorch_cuda,cuda,475,0.33952000737190247
cnn,pytorch_cuda,cuda,476,0.3284800052642822
cnn,pytorch_cuda,cuda,477,0.3290559947490692
cnn,pytorch_cuda,cuda,478,0.33273598551750183
cnn,pytorch_cuda,cuda,479,0.33107200264930725
cnn,pytorch_cuda,cuda,480,0.3309440016746521
cnn,pytorch_cuda,cuda,481,0.33132800459861755
cnn,pytorch_cuda,cuda,482,0.34143999218940735
cnn,pytorch_cuda,cuda,483,0.3287999927997589
cnn,pytorch_cuda,cuda,484,0.33059200644493103
cnn,pytorch_cuda,cuda,485,0.3307200074195862
cnn,pytorch_cuda,cuda,486,0.32870399951934814
cnn,pytorch_cuda,cuda,487,0.33055999875068665
cnn,pytorch_cuda,cuda,488,0.33087998628616333
cnn,pytorch_cuda,cuda,489,0.33299198746681213
cnn,pytorch_cuda,cuda,490,0.48579201102256775
cnn,pytorch_cuda,cuda,491,0.33344000577926636
cnn,pytorch_cuda,cuda,492,0.33052799105644226
cnn,pytorch_cuda,cuda,493,0.33081600069999695
cnn,pytorch_cuda,cuda,494,0.3307519853115082
cnn,pytorch_cuda,cuda,495,0.3312320113182068
cnn,pytorch_cuda,cuda,496,0.3325119912624359
cnn,pytorch_cuda,cuda,497,0.332832008600235
cnn,pytorch_cuda,cuda,498,0.47916799783706665
cnn,pytorch_cuda,cuda,499,0.33715200424194336
cnn,pytorch_cuda,cuda,500,0.6163840293884277
cnn,pytorch_cuda,cuda,501,0.5464959740638733
cnn,pytorch_cuda,cuda,502,0.33695998787879944
cnn,pytorch_cuda,cuda,503,0.3330560028553009
cnn,pytorch_cuda,cuda,504,0.3286080062389374
cnn,pytorch_cuda,cuda,505,0.34163200855255127
cnn,pytorch_cuda,cuda,506,0.33315199613571167
cnn,pytorch_cuda,cuda,507,0.36111998558044434
cnn,pytorch_cuda,cuda,508,0.34940800070762634
cnn,pytorch_cuda,cuda,509,0.3290880024433136
cnn,pytorch_cuda,cuda,510,0.33139199018478394
cnn,pytorch_cuda,cuda,511,0.33103999495506287
cnn,pytorch_cuda,cuda,512,0.3310079872608185
cnn,pytorch_cuda,cuda,513,0.49001601338386536
cnn,pytorch_cuda,cuda,514,0.33718401193618774
cnn,pytorch_cuda,cuda,515,0.3396799862384796
cnn,pytorch_cuda,cuda,516,0.3303999900817871
cnn,pytorch_cuda,cuda,517,0.33059200644493103
cnn,pytorch_cuda,cuda,518,0.32902398705482483
cnn,pytorch_cuda,cuda,519,0.3314560055732727
cnn,pytorch_cuda,cuda,520,0.3312000036239624
cnn,pytorch_cuda,cuda,521,0.4742079973220825
cnn,pytorch_cuda,cuda,522,0.34489598870277405
cnn,pytorch_cuda,cuda,523,0.3389759957790375
cnn,pytorch_cuda,cuda,524,0.32892799377441406
cnn,pytorch_cuda,cuda,525,0.3290559947490692
cnn,pytorch_cuda,cuda,526,0.33059200644493103
cnn,pytorch_cuda,cuda,527,2.2742080688476562
cnn,pytorch_cuda,cuda,528,0.34380799531936646
cnn,pytorch_cuda,cuda,529,0.5968319773674011
cnn,pytorch_cuda,cuda,530,0.703711986541748
cnn,pytorch_cuda,cuda,531,0.7098240256309509
cnn,pytorch_cuda,cuda,532,0.8009920120239258
cnn,pytorch_cuda,cuda,533,0.34332799911499023
cnn,pytorch_cuda,cuda,534,0.4856320023536682
cnn,pytorch_cuda,cuda,535,0.3354879915714264
cnn,pytorch_cuda,cuda,536,0.33318400382995605
cnn,pytorch_cuda,cuda,537,0.33103999495506287
cnn,pytorch_cuda,cuda,538,0.3355199992656708
cnn,pytorch_cuda,cuda,539,0.3312320113182068
cnn,pytorch_cuda,cuda,540,0.3304640054702759
cnn,pytorch_cuda,cuda,541,0.3346880078315735
cnn,pytorch_cuda,cuda,542,0.3394240140914917
cnn,pytorch_cuda,cuda,543,0.3330560028553009
cnn,pytorch_cuda,cuda,544,0.3333759903907776
cnn,pytorch_cuda,cuda,545,0.3367680013179779
cnn,pytorch_cuda,cuda,546,0.3309760093688965
cnn,pytorch_cuda,cuda,547,0.33059200644493103
cnn,pytorch_cuda,cuda,548,0.33270400762557983
cnn,pytorch_cuda,cuda,549,0.33081600069999695
cnn,pytorch_cuda,cuda,550,0.4538879990577698
cnn,pytorch_cuda,cuda,551,0.3428800106048584
cnn,pytorch_cuda,cuda,552,0.3287679851055145
cnn,pytorch_cuda,cuda,553,0.33344000577926636
cnn,pytorch_cuda,cuda,554,0.33129599690437317
cnn,pytorch_cuda,cuda,555,0.3312000036239624
cnn,pytorch_cuda,cuda,556,0.3314560055732727
cnn,pytorch_cuda,cuda,557,0.33081600069999695
cnn,pytorch_cuda,cuda,558,0.3325119912624359
cnn,pytorch_cuda,cuda,559,0.46275201439857483
cnn,pytorch_cuda,cuda,560,0.333407998085022
cnn,pytorch_cuda,cuda,561,0.3285120129585266
cnn,pytorch_cuda,cuda,562,0.37270399928092957
cnn,pytorch_cuda,cuda,563,0.4848960041999817
cnn,pytorch_cuda,cuda,564,0.7333760261535645
cnn,pytorch_cuda,cuda,565,0.4788160026073456
cnn,pytorch_cuda,cuda,566,0.3364799916744232
cnn,pytorch_cuda,cuda,567,0.3307519853115082
cnn,pytorch_cuda,cuda,568,0.3312639892101288
cnn,pytorch_cuda,cuda,569,0.3309440016746521
cnn,pytorch_cuda,cuda,570,0.33132800459861755
cnn,pytorch_cuda,cuda,571,0.35660800337791443
cnn,pytorch_cuda,cuda,572,0.3286080062389374
cnn,pytorch_cuda,cuda,573,0.4546239972114563
cnn,pytorch_cuda,cuda,574,0.33904001116752625
cnn,pytorch_cuda,cuda,575,0.33110401034355164
cnn,pytorch_cuda,cuda,576,0.332832008600235
cnn,pytorch_cuda,cuda,577,0.33110401034355164
cnn,pytorch_cuda,cuda,578,0.3309119939804077
cnn,pytorch_cuda,cuda,579,0.33103999495506287
cnn,pytorch_cuda,cuda,580,0.33136001229286194
cnn,pytorch_cuda,cuda,581,0.3284800052642822
cnn,pytorch_cuda,cuda,582,0.33324798941612244
cnn,pytorch_cuda,cuda,583,0.3330560028553009
cnn,pytorch_cuda,cuda,584,0.32927998900413513
cnn,pytorch_cuda,cuda,585,0.33129599690437317
cnn,pytorch_cuda,cuda,586,0.33059200644493103
cnn,pytorch_cuda,cuda,587,0.3309760093688965
cnn,pytorch_cuda,cuda,588,0.32924801111221313
cnn,pytorch_cuda,cuda,589,0.33158400654792786
cnn,pytorch_cuda,cuda,590,0.33289599418640137
cnn,pytorch_cuda,cuda,591,0.33372798562049866
cnn,pytorch_cuda,cuda,592,0.33263999223709106
cnn,pytorch_cuda,cuda,593,0.33292800188064575
cnn,pytorch_cuda,cuda,594,0.3310079872608185
cnn,pytorch_cuda,cuda,595,0.332832008600235
cnn,pytorch_cuda,cuda,596,0.3355199992656708
cnn,pytorch_cuda,cuda,597,0.3293440043926239
cnn,pytorch_cuda,cuda,598,0.32915198802948
cnn,pytorch_cuda,cuda,599,0.45983999967575073
cnn,pytorch_cuda,cuda,600,0.4899199903011322
cnn,pytorch_cuda,cuda,601,0.6852160096168518
cnn,pytorch_cuda,cuda,602,0.34512001276016235
cnn,pytorch_cuda,cuda,603,0.3312639892101288
cnn,pytorch_cuda,cuda,604,0.3314239978790283
cnn,pytorch_cuda,cuda,605,0.3293440043926239
cnn,pytorch_cuda,cuda,606,0.3929919898509979
cnn,pytorch_cuda,cuda,607,0.32921600341796875
cnn,pytorch_cuda,cuda,608,0.331167995929718
cnn,pytorch_cuda,cuda,609,0.3309440016746521
cnn,pytorch_cuda,cuda,610,0.3307519853115082
cnn,pytorch_cuda,cuda,611,0.33129599690437317
cnn,pytorch_cuda,cuda,612,0.33049601316452026
cnn,pytorch_cuda,cuda,613,0.3306240141391754
cnn,pytorch_cuda,cuda,614,0.3373439908027649
cnn,pytorch_cuda,cuda,615,0.32915198802948
cnn,pytorch_cuda,cuda,616,0.33103999495506287
cnn,pytorch_cuda,cuda,617,0.3336000144481659
cnn,pytorch_cuda,cuda,618,0.32892799377441406
cnn,pytorch_cuda,cuda,619,0.33132800459861755
cnn,pytorch_cuda,cuda,620,0.3694399893283844
cnn,pytorch_cuda,cuda,621,0.4694080054759979
cnn,pytorch_cuda,cuda,622,0.3453119993209839
cnn,pytorch_cuda,cuda,623,0.3309119939804077
cnn,pytorch_cuda,cuda,624,0.33529600501060486
cnn,pytorch_cuda,cuda,625,0.33087998628616333
cnn,pytorch_cuda,cuda,626,0.3315199911594391
cnn,pytorch_cuda,cuda,627,0.3306559920310974
cnn,pytorch_cuda,cuda,628,0.37830400466918945
cnn,pytorch_cuda,cuda,629,0.5461120009422302
cnn,pytorch_cuda,cuda,630,0.3413439989089966
cnn,pytorch_cuda,cuda,631,0.32870399951934814
cnn,pytorch_cuda,cuda,632,0.33260801434516907
cnn,pytorch_cuda,cuda,633,1.5753920078277588
cnn,pytorch_cuda,cuda,634,1.2293440103530884
cnn,pytorch_cuda,cuda,635,0.6838080286979675
cnn,pytorch_cuda,cuda,636,0.7867519855499268
cnn,pytorch_cuda,cuda,637,0.3428800106048584
cnn,pytorch_cuda,cuda,638,0.3333120048046112
cnn,pytorch_cuda,cuda,639,0.33350399136543274
cnn,pytorch_cuda,cuda,640,0.33081600069999695
cnn,pytorch_cuda,cuda,641,0.3310079872608185
cnn,pytorch_cuda,cuda,642,0.4623680114746094
cnn,pytorch_cuda,cuda,643,0.33900800347328186
cnn,pytorch_cuda,cuda,644,0.3338240087032318
cnn,pytorch_cuda,cuda,645,0.33324798941612244
cnn,pytorch_cuda,cuda,646,0.3687039911746979
cnn,pytorch_cuda,cuda,647,0.32867199182510376
cnn,pytorch_cuda,cuda,648,0.34880000352859497
cnn,pytorch_cuda,cuda,649,0.33103999495506287
cnn,pytorch_cuda,cuda,650,0.4728640019893646
cnn,pytorch_cuda,cuda,651,0.33692800998687744
cnn,pytorch_cuda,cuda,652,0.33059200644493103
cnn,pytorch_cuda,cuda,653,0.33270400762557983
cnn,pytorch_cuda,cuda,654,0.3314560055732727
cnn,pytorch_cuda,cuda,655,0.3387199938297272
cnn,pytorch_cuda,cuda,656,0.33292800188064575
cnn,pytorch_cuda,cuda,657,0.3309119939804077
cnn,pytorch_cuda,cuda,658,0.46185600757598877
cnn,pytorch_cuda,cuda,659,0.3413119912147522
cnn,pytorch_cuda,cuda,660,0.3325760066509247
cnn,pytorch_cuda,cuda,661,0.33273598551750183
cnn,pytorch_cuda,cuda,662,0.3364480137825012
cnn,pytorch_cuda,cuda,663,0.5874239802360535
cnn,pytorch_cuda,cuda,664,0.5852479934692383
cnn,pytorch_cuda,cuda,665,0.34409600496292114
cnn,pytorch_cuda,cuda,666,0.32927998900413513
cnn,pytorch_cuda,cuda,667,0.3293119966983795
cnn,pytorch_cuda,cuda,668,0.3314560055732727
cnn,pytorch_cuda,cuda,669,0.3293440043926239
cnn,pytorch_cuda,cuda,670,0.3307519853115082
cnn,pytorch_cuda,cuda,671,0.32921600341796875
cnn,pytorch_cuda,cuda,672,0.5081920027732849
cnn,pytorch_cuda,cuda,673,0.3367359936237335
cnn,pytorch_cuda,cuda,674,0.33052799105644226
cnn,pytorch_cuda,cuda,675,0.33318400382995605
cnn,pytorch_cuda,cuda,676,0.3309440016746521
cnn,pytorch_cuda,cuda,677,0.3325760066509247
cnn,pytorch_cuda,cuda,678,0.32841598987579346
cnn,pytorch_cuda,cuda,679,0.3314560055732727
cnn,pytorch_cuda,cuda,680,0.3391039967536926
cnn,pytorch_cuda,cuda,681,0.33129599690437317
cnn,pytorch_cuda,cuda,682,0.3328000009059906
cnn,pytorch_cuda,cuda,683,0.3312000036239624
cnn,pytorch_cuda,cuda,684,0.3309440016746521
cnn,pytorch_cuda,cuda,685,0.3312639892101288
cnn,pytorch_cuda,cuda,686,0.33078399300575256
cnn,pytorch_cuda,cuda,687,0.33059200644493103
cnn,pytorch_cuda,cuda,688,0.40460801124572754
cnn,pytorch_cuda,cuda,689,0.3306240141391754
cnn,pytorch_cuda,cuda,690,0.3307519853115082
cnn,pytorch_cuda,cuda,691,0.3333120048046112
cnn,pytorch_cuda,cuda,692,0.33324798941612244
cnn,pytorch_cuda,cuda,693,0.3306879997253418
cnn,pytorch_cuda,cuda,694,0.3294079899787903
cnn,pytorch_cuda,cuda,695,0.3272959887981415
cnn,pytorch_cuda,cuda,696,0.4731839895248413
cnn,pytorch_cuda,cuda,697,0.4912000000476837
cnn,pytorch_cuda,cuda,698,0.5856639742851257
cnn,pytorch_cuda,cuda,699,0.3416000008583069
cnn,pytorch_cuda,cuda,700,0.3287999927997589
cnn,pytorch_cuda,cuda,701,0.33136001229286194
cnn,pytorch_cuda,cuda,702,0.47971200942993164
cnn,pytorch_cuda,cuda,703,0.3434560000896454
cnn,pytorch_cuda,cuda,704,0.33318400382995605
cnn,pytorch_cuda,cuda,705,0.33081600069999695
cnn,pytorch_cuda,cuda,706,0.3285439908504486
cnn,pytorch_cuda,cuda,707,0.33187198638916016
cnn,pytorch_cuda,cuda,708,0.32927998900413513
cnn,pytorch_cuda,cuda,709,0.33087998628616333
cnn,pytorch_cuda,cuda,710,0.4745599925518036
cnn,pytorch_cuda,cuda,711,0.33504000306129456
cnn,pytorch_cuda,cuda,712,0.3288959860801697
cnn,pytorch_cuda,cuda,713,0.33289599418640137
cnn,pytorch_cuda,cuda,714,0.33078399300575256
cnn,pytorch_cuda,cuda,715,0.3312320113182068
cnn,pytorch_cuda,cuda,716,0.3309119939804077
cnn,pytorch_cuda,cuda,717,0.3299199938774109
cnn,pytorch_cuda,cuda,718,0.45923200249671936
cnn,pytorch_cuda,cuda,719,0.33766400814056396
cnn,pytorch_cuda,cuda,720,0.3309760093688965
cnn,pytorch_cuda,cuda,721,0.3288959860801697
cnn,pytorch_cuda,cuda,722,0.33347201347351074
cnn,pytorch_cuda,cuda,723,0.3328000009059906
cnn,pytorch_cuda,cuda,724,0.336544007062912
cnn,pytorch_cuda,cuda,725,0.3310079872608185
cnn,pytorch_cuda,cuda,726,0.4636160135269165
cnn,pytorch_cuda,cuda,727,0.3394559919834137
cnn,pytorch_cuda,cuda,728,0.33103999495506287
cnn,pytorch_cuda,cuda,729,0.32899200916290283
cnn,pytorch_cuda,cuda,730,0.3290880024433136
cnn,pytorch_cuda,cuda,731,0.3654719889163971
cnn,pytorch_cuda,cuda,732,0.3312639892101288
cnn,pytorch_cuda,cuda,733,0.5850560069084167
cnn,pytorch_cuda,cuda,734,0.6116160154342651
cnn,pytorch_cuda,cuda,735,0.48499199748039246
cnn,pytorch_cuda,cuda,736,1.6086399555206299
cnn,pytorch_cuda,cuda,737,1.0614399909973145
cnn,pytorch_cuda,cuda,738,0.3415359854698181
cnn,pytorch_cuda,cuda,739,0.45523199439048767
cnn,pytorch_cuda,cuda,740,0.6571199893951416
cnn,pytorch_cuda,cuda,741,0.5915200114250183
cnn,pytorch_cuda,cuda,742,0.33932799100875854
cnn,pytorch_cuda,cuda,743,0.33292800188064575
cnn,pytorch_cuda,cuda,744,0.3288640081882477
cnn,pytorch_cuda,cuda,745,0.3309119939804077
cnn,pytorch_cuda,cuda,746,0.3436160087585449
cnn,pytorch_cuda,cuda,747,0.3287999927997589
cnn,pytorch_cuda,cuda,748,0.3288959860801697
cnn,pytorch_cuda,cuda,749,0.3338240087032318
cnn,pytorch_cuda,cuda,750,0.3287679851055145
cnn,pytorch_cuda,cuda,751,0.3306240141391754
cnn,pytorch_cuda,cuda,752,0.33129599690437317
cnn,pytorch_cuda,cuda,753,0.4638400077819824
cnn,pytorch_cuda,cuda,754,0.34118399024009705
cnn,pytorch_cuda,cuda,755,0.32864001393318176
cnn,pytorch_cuda,cuda,756,0.33059200644493103
cnn,pytorch_cuda,cuda,757,0.48339200019836426
cnn,pytorch_cuda,cuda,758,0.6823359727859497
cnn,pytorch_cuda,cuda,759,0.4800640046596527
cnn,pytorch_cuda,cuda,760,0.33907198905944824
cnn,pytorch_cuda,cuda,761,0.32915198802948
cnn,pytorch_cuda,cuda,762,0.3287999927997589
cnn,pytorch_cuda,cuda,763,0.39827200770378113
cnn,pytorch_cuda,cuda,764,0.33107200264930725
cnn,pytorch_cuda,cuda,765,0.32873600721359253
cnn,pytorch_cuda,cuda,766,0.33263999223709106
cnn,pytorch_cuda,cuda,767,0.3413439989089966
cnn,pytorch_cuda,cuda,768,0.33263999223709106
cnn,pytorch_cuda,cuda,769,0.3267520070075989
cnn,pytorch_cuda,cuda,770,0.3312000036239624
cnn,pytorch_cuda,cuda,771,0.3599039912223816
cnn,pytorch_cuda,cuda,772,0.3813439905643463
cnn,pytorch_cuda,cuda,773,0.3290880024433136
cnn,pytorch_cuda,cuda,774,0.3306879997253418
cnn,pytorch_cuda,cuda,775,0.4679040014743805
cnn,pytorch_cuda,cuda,776,0.3331199884414673
cnn,pytorch_cuda,cuda,777,0.33084800839424133
cnn,pytorch_cuda,cuda,778,0.3309760093688965
cnn,pytorch_cuda,cuda,779,0.33055999875068665
cnn,pytorch_cuda,cuda,780,0.3306240141391754
cnn,pytorch_cuda,cuda,781,0.32899200916290283
cnn,pytorch_cuda,cuda,782,0.3309760093688965
cnn,pytorch_cuda,cuda,783,0.4673919975757599
cnn,pytorch_cuda,cuda,784,0.33958399295806885
cnn,pytorch_cuda,cuda,785,0.3288320004940033
cnn,pytorch_cuda,cuda,786,0.3312000036239624
cnn,pytorch_cuda,cuda,787,0.3325119912624359
cnn,pytorch_cuda,cuda,788,0.392767995595932
cnn,pytorch_cuda,cuda,789,0.33001598715782166
cnn,pytorch_cuda,cuda,790,0.3312320113182068
cnn,pytorch_cuda,cuda,791,0.36614400148391724
cnn,pytorch_cuda,cuda,792,0.6185280084609985
cnn,pytorch_cuda,cuda,793,0.5498560070991516
cnn,pytorch_cuda,cuda,794,0.3333120048046112
cnn,pytorch_cuda,cuda,795,0.33136001229286194
cnn,pytorch_cuda,cuda,796,0.3309760093688965
cnn,pytorch_cuda,cuda,797,0.4836159944534302
cnn,pytorch_cuda,cuda,798,0.3333440124988556
cnn,pytorch_cuda,cuda,799,0.3263680040836334
cnn,pytorch_cuda,cuda,800,0.32915198802948
cnn,pytorch_cuda,cuda,801,0.33139199018478394
cnn,pytorch_cuda,cuda,802,0.3306240141391754
cnn,pytorch_cuda,cuda,803,0.32918399572372437
cnn,pytorch_cuda,cuda,804,0.3304640054702759
cnn,pytorch_cuda,cuda,805,0.3287999927997589
cnn,pytorch_cuda,cuda,806,0.339136004447937
cnn,pytorch_cuda,cuda,807,0.33318400382995605
cnn,pytorch_cuda,cuda,808,0.33081600069999695
cnn,pytorch_cuda,cuda,809,0.33052799105644226
cnn,pytorch_cuda,cuda,810,0.3309440016746521
cnn,pytorch_cuda,cuda,811,0.3285439908504486
cnn,pytorch_cuda,cuda,812,0.33776000142097473
cnn,pytorch_cuda,cuda,813,0.3290880024433136
cnn,pytorch_cuda,cuda,814,0.46454399824142456
cnn,pytorch_cuda,cuda,815,0.3437120020389557
cnn,pytorch_cuda,cuda,816,0.33055999875068665
cnn,pytorch_cuda,cuda,817,0.33055999875068665
cnn,pytorch_cuda,cuda,818,0.3617919981479645
cnn,pytorch_cuda,cuda,819,0.32915198802948
cnn,pytorch_cuda,cuda,820,0.3309119939804077
cnn,pytorch_cuda,cuda,821,0.33052799105644226
cnn,pytorch_cuda,cuda,822,0.33139199018478394
cnn,pytorch_cuda,cuda,823,0.3399040102958679
cnn,pytorch_cuda,cuda,824,0.3352319896221161
cnn,pytorch_cuda,cuda,825,0.33049601316452026
cnn,pytorch_cuda,cuda,826,0.3310079872608185
cnn,pytorch_cuda,cuda,827,0.33315199613571167
cnn,pytorch_cuda,cuda,828,0.33347201347351074
cnn,pytorch_cuda,cuda,829,0.3293760120868683
cnn,pytorch_cuda,cuda,830,0.6119040250778198
cnn,pytorch_cuda,cuda,831,0.815392017364502
cnn,pytorch_cuda,cuda,832,0.34915199875831604
cnn,pytorch_cuda,cuda,833,0.3324800133705139
cnn,pytorch_cuda,cuda,834,0.3345920145511627
cnn,pytorch_cuda,cuda,835,0.3306559920310974
cnn,pytorch_cuda,cuda,836,0.3352639973163605
cnn,pytorch_cuda,cuda,837,0.3416000008583069
cnn,pytorch_cuda,cuda,838,0.33139199018478394
cnn,pytorch_cuda,cuda,839,0.33273598551750183
cnn,pytorch_cuda,cuda,840,0.33107200264930725
cnn,pytorch_cuda,cuda,841,1.5886080265045166
cnn,pytorch_cuda,cuda,842,1.1572480201721191
cnn,pytorch_cuda,cuda,843,0.3415040075778961
cnn,pytorch_cuda,cuda,844,0.5720319747924805
cnn,pytorch_cuda,cuda,845,0.4859200119972229
cnn,pytorch_cuda,cuda,846,0.33318400382995605
cnn,pytorch_cuda,cuda,847,0.3310079872608185
cnn,pytorch_cuda,cuda,848,0.3306559920310974
cnn,pytorch_cuda,cuda,849,0.3310079872608185
cnn,pytorch_cuda,cuda,850,0.32870399951934814
cnn,pytorch_cuda,cuda,851,0.33055999875068665
cnn,pytorch_cuda,cuda,852,0.3306879997253418
cnn,pytorch_cuda,cuda,853,0.4673919975757599
cnn,pytorch_cuda,cuda,854,0.3410559892654419
cnn,pytorch_cuda,cuda,855,0.3309760093688965
cnn,pytorch_cuda,cuda,856,0.33296000957489014
cnn,pytorch_cuda,cuda,857,0.36403200030326843
cnn,pytorch_cuda,cuda,858,0.6155520081520081
cnn,pytorch_cuda,cuda,859,0.6850879788398743
cnn,pytorch_cuda,cuda,860,0.4870719909667969
cnn,pytorch_cuda,cuda,861,0.33542400598526
cnn,pytorch_cuda,cuda,862,0.3309119939804077
cnn,pytorch_cuda,cuda,863,0.32921600341796875
cnn,pytorch_cuda,cuda,864,0.3309440016746521
cnn,pytorch_cuda,cuda,865,0.33084800839424133
cnn,pytorch_cuda,cuda,866,0.37939199805259705
cnn,pytorch_cuda,cuda,867,0.33055999875068665
cnn,pytorch_cuda,cuda,868,0.3303360044956207
cnn,pytorch_cuda,cuda,869,0.34140801429748535
cnn,pytorch_cuda,cuda,870,0.3314880132675171
cnn,pytorch_cuda,cuda,871,0.3789120018482208
cnn,pytorch_cuda,cuda,872,0.33103999495506287
cnn,pytorch_cuda,cuda,873,0.33087998628616333
cnn,pytorch_cuda,cuda,874,0.3307519853115082
cnn,pytorch_cuda,cuda,875,0.328575998544693
cnn,pytorch_cuda,cuda,876,0.3307200074195862
cnn,pytorch_cuda,cuda,877,0.466623991727829
cnn,pytorch_cuda,cuda,878,0.3429119884967804
cnn,pytorch_cuda,cuda,879,0.3306240141391754
cnn,pytorch_cuda,cuda,880,0.3312000036239624
cnn,pytorch_cuda,cuda,881,0.3309440016746521
cnn,pytorch_cuda,cuda,882,0.33081600069999695
cnn,pytorch_cuda,cuda,883,0.3309119939804077
cnn,pytorch_cuda,cuda,884,0.3383040130138397
cnn,pytorch_cuda,cuda,885,0.4960959851741791
cnn,pytorch_cuda,cuda,886,0.3429119884967804
cnn,pytorch_cuda,cuda,887,0.33049601316452026
cnn,pytorch_cuda,cuda,888,0.3657599985599518
cnn,pytorch_cuda,cuda,889,0.33139199018478394
cnn,pytorch_cuda,cuda,890,0.3818559944629669
cnn,pytorch_cuda,cuda,891,0.3312000036239624
cnn,pytorch_cuda,cuda,892,0.3307200074195862
cnn,pytorch_cuda,cuda,893,0.46326398849487305
cnn,pytorch_cuda,cuda,894,0.3449600040912628
cnn,pytorch_cuda,cuda,895,0.6153600215911865
cnn,pytorch_cuda,cuda,896,0.5479360222816467
cnn,pytorch_cuda,cuda,897,0.3675200045108795
cnn,pytorch_cuda,cuda,898,0.33084800839424133
cnn,pytorch_cuda,cuda,899,0.33136001229286194
cnn,pytorch_cuda,cuda,900,0.3452160060405731
cnn,pytorch_cuda,cuda,901,0.34463998675346375
cnn,pytorch_cuda,cuda,902,0.3309119939804077
cnn,pytorch_cuda,cuda,903,0.33103999495506287
cnn,pytorch_cuda,cuda,904,0.32918399572372437
cnn,pytorch_cuda,cuda,905,0.358271986246109
cnn,pytorch_cuda,cuda,906,0.32844799757003784
cnn,pytorch_cuda,cuda,907,0.32899200916290283
cnn,pytorch_cuda,cuda,908,0.379040002822876
cnn,pytorch_cuda,cuda,909,0.3286080062389374
cnn,pytorch_cuda,cuda,910,0.361952006816864
cnn,pytorch_cuda,cuda,911,0.3288640081882477
cnn,pytorch_cuda,cuda,912,0.33081600069999695
cnn,pytorch_cuda,cuda,913,0.3314239978790283
cnn,pytorch_cuda,cuda,914,0.33344000577926636
cnn,pytorch_cuda,cuda,915,0.33078399300575256
cnn,pytorch_cuda,cuda,916,0.48931199312210083
cnn,pytorch_cuda,cuda,917,0.3452160060405731
cnn,pytorch_cuda,cuda,918,0.33113598823547363
cnn,pytorch_cuda,cuda,919,0.32899200916290283
cnn,pytorch_cuda,cuda,920,0.33129599690437317
cnn,pytorch_cuda,cuda,921,0.33049601316452026
cnn,pytorch_cuda,cuda,922,0.3498240113258362
cnn,pytorch_cuda,cuda,923,0.3306559920310974
cnn,pytorch_cuda,cuda,924,0.4721280038356781
cnn,pytorch_cuda,cuda,925,0.33481600880622864
cnn,pytorch_cuda,cuda,926,0.3310079872608185
cnn,pytorch_cuda,cuda,927,0.36851200461387634
cnn,pytorch_cuda,cuda,928,0.32873600721359253
cnn,pytorch_cuda,cuda,929,0.3687039911746979
cnn,pytorch_cuda,cuda,930,0.33049601316452026
cnn,pytorch_cuda,cuda,931,0.48476800322532654
cnn,pytorch_cuda,cuda,932,0.8350080251693726
cnn,pytorch_cuda,cuda,933,0.6345919966697693
cnn,pytorch_cuda,cuda,934,0.343392014503479
cnn,pytorch_cuda,cuda,935,0.33475199341773987
cnn,pytorch_cuda,cuda,936,0.37648001313209534
cnn,pytorch_cuda,cuda,937,0.33139199018478394
cnn,pytorch_cuda,cuda,938,0.4689599871635437
cnn,pytorch_cuda,cuda,939,0.33660799264907837
cnn,pytorch_cuda,cuda,940,0.3293119966983795
cnn,pytorch_cuda,cuda,941,0.33059200644493103
cnn,pytorch_cuda,cuda,942,0.3312639892101288
cnn,pytorch_cuda,cuda,943,0.333407998085022
cnn,pytorch_cuda,cuda,944,0.3351359963417053
cnn,pytorch_cuda,cuda,945,0.3316799998283386
cnn,pytorch_cuda,cuda,946,2.8901760578155518
cnn,pytorch_cuda,cuda,947,0.4500479996204376
cnn,pytorch_cuda,cuda,948,0.34191998839378357
cnn,pytorch_cuda,cuda,949,0.5761920213699341
cnn,pytorch_cuda,cuda,950,0.339136004447937
cnn,pytorch_cuda,cuda,951,0.33270400762557983
cnn,pytorch_cuda,cuda,952,0.32864001393318176
cnn,pytorch_cuda,cuda,953,0.32915198802948
cnn,pytorch_cuda,cuda,954,0.3365119993686676
cnn,pytorch_cuda,cuda,955,0.3285439908504486
cnn,pytorch_cuda,cuda,956,0.3288320004940033
cnn,pytorch_cuda,cuda,957,0.3304319977760315
cnn,pytorch_cuda,cuda,958,0.48633599281311035
cnn,pytorch_cuda,cuda,959,0.6884480118751526
cnn,pytorch_cuda,cuda,960,0.33961600065231323
cnn,pytorch_cuda,cuda,961,0.34351998567581177
cnn,pytorch_cuda,cuda,962,0.32867199182510376
cnn,pytorch_cuda,cuda,963,0.32921600341796875
cnn,pytorch_cuda,cuda,964,0.3307519853115082
cnn,pytorch_cuda,cuda,965,0.33087998628616333
cnn,pytorch_cuda,cuda,966,0.33081600069999695
cnn,pytorch_cuda,cuda,967,0.3314239978790283
cnn,pytorch_cuda,cuda,968,0.33087998628616333
cnn,pytorch_cuda,cuda,969,0.34112000465393066
cnn,pytorch_cuda,cuda,970,0.33113598823547363
cnn,pytorch_cuda,cuda,971,0.33107200264930725
cnn,pytorch_cuda,cuda,972,0.3328000009059906
cnn,pytorch_cuda,cuda,973,0.33136001229286194
cnn,pytorch_cuda,cuda,974,0.3324800133705139
cnn,pytorch_cuda,cuda,975,0.3290559947490692
cnn,pytorch_cuda,cuda,976,0.3293760120868683
cnn,pytorch_cuda,cuda,977,0.45814400911331177
cnn,pytorch_cuda,cuda,978,0.33823999762535095
cnn,pytorch_cuda,cuda,979,0.33235201239585876
cnn,pytorch_cuda,cuda,980,0.3333120048046112
cnn,pytorch_cuda,cuda,981,0.33078399300575256
cnn,pytorch_cuda,cuda,982,0.33139199018478394
cnn,pytorch_cuda,cuda,983,0.33113598823547363
cnn,pytorch_cuda,cuda,984,0.33113598823547363
cnn,pytorch_cuda,cuda,985,0.46380800008773804
cnn,pytorch_cuda,cuda,986,0.3433600068092346
cnn,pytorch_cuda,cuda,987,0.3330880105495453
cnn,pytorch_cuda,cuda,988,0.33103999495506287
cnn,pytorch_cuda,cuda,989,0.3330560028553009
cnn,pytorch_cuda,cuda,990,0.3312639892101288
cnn,pytorch_cuda,cuda,991,0.3285439908504486
cnn,pytorch_cuda,cuda,992,0.3654719889163971
cnn,pytorch_cuda,cuda,993,0.32838401198387146
cnn,pytorch_cuda,cuda,994,0.3391680121421814
cnn,pytorch_cuda,cuda,995,0.4849280118942261
cnn,pytorch_cuda,cuda,996,0.684831976890564
cnn,pytorch_cuda,cuda,997,0.3412800133228302
cnn,pytorch_cuda,cuda,998,0.33136001229286194
cnn,pytorch_cuda,cuda,999,0.3309440016746521
unet,pytorch_cuda,cuda,0,0.5745599865913391
unet,pytorch_cuda,cuda,1,0.5531839728355408
unet,pytorch_cuda,cuda,2,0.5702080130577087
unet,pytorch_cuda,cuda,3,0.6704959869384766
unet,pytorch_cuda,cuda,4,0.5474879741668701
unet,pytorch_cuda,cuda,5,0.6058239936828613
unet,pytorch_cuda,cuda,6,0.5360640287399292
unet,pytorch_cuda,cuda,7,0.590175986289978
unet,pytorch_cuda,cuda,8,0.616159975528717
unet,pytorch_cuda,cuda,9,0.6389439702033997
unet,pytorch_cuda,cuda,10,0.5962880253791809
unet,pytorch_cuda,cuda,11,0.5631999969482422
unet,pytorch_cuda,cuda,12,4.369887828826904
unet,pytorch_cuda,cuda,13,0.9282879829406738
unet,pytorch_cuda,cuda,14,1.115936040878296
unet,pytorch_cuda,cuda,15,0.5512959957122803
unet,pytorch_cuda,cuda,16,0.5645440220832825
unet,pytorch_cuda,cuda,17,0.7010239958763123
unet,pytorch_cuda,cuda,18,0.5927039980888367
unet,pytorch_cuda,cuda,19,0.5921599864959717
unet,pytorch_cuda,cuda,20,0.5585280060768127
unet,pytorch_cuda,cuda,21,0.5679360032081604
unet,pytorch_cuda,cuda,22,0.6577600240707397
unet,pytorch_cuda,cuda,23,0.5739840269088745
unet,pytorch_cuda,cuda,24,0.5690879821777344
unet,pytorch_cuda,cuda,25,0.6212480068206787
unet,pytorch_cuda,cuda,26,0.6004800200462341
unet,pytorch_cuda,cuda,27,0.5406079888343811
unet,pytorch_cuda,cuda,28,0.7382400035858154
unet,pytorch_cuda,cuda,29,1.3486080169677734
unet,pytorch_cuda,cuda,30,0.544704020023346
unet,pytorch_cuda,cuda,31,0.6012160181999207
unet,pytorch_cuda,cuda,32,0.7287359833717346
unet,pytorch_cuda,cuda,33,0.5594879984855652
unet,pytorch_cuda,cuda,34,0.5461440086364746
unet,pytorch_cuda,cuda,35,0.585312008857727
unet,pytorch_cuda,cuda,36,0.5998079776763916
unet,pytorch_cuda,cuda,37,0.7018880248069763
unet,pytorch_cuda,cuda,38,0.5447679758071899
unet,pytorch_cuda,cuda,39,0.5673919916152954
unet,pytorch_cuda,cuda,40,0.5869119763374329
unet,pytorch_cuda,cuda,41,0.6007040143013
unet,pytorch_cuda,cuda,42,0.604095995426178
unet,pytorch_cuda,cuda,43,0.6222079992294312
unet,pytorch_cuda,cuda,44,0.6181439757347107
unet,pytorch_cuda,cuda,45,0.5957120060920715
unet,pytorch_cuda,cuda,46,0.5799360275268555
unet,pytorch_cuda,cuda,47,0.5878400206565857
unet,pytorch_cuda,cuda,48,0.7237759828567505
unet,pytorch_cuda,cuda,49,0.5711039900779724
unet,pytorch_cuda,cuda,50,0.5566400289535522
unet,pytorch_cuda,cuda,51,0.5978879928588867
unet,pytorch_cuda,cuda,52,1.0176000595092773
unet,pytorch_cuda,cuda,53,1.2817280292510986
unet,pytorch_cuda,cuda,54,0.5707200169563293
unet,pytorch_cuda,cuda,55,0.6088320016860962
unet,pytorch_cuda,cuda,56,0.7174720168113708
unet,pytorch_cuda,cuda,57,0.566431999206543
unet,pytorch_cuda,cuda,58,0.591808021068573
unet,pytorch_cuda,cuda,59,0.5815680027008057
unet,pytorch_cuda,cuda,60,0.6129599809646606
unet,pytorch_cuda,cuda,61,0.6253439784049988
unet,pytorch_cuda,cuda,62,0.5619199872016907
unet,pytorch_cuda,cuda,63,0.5770559906959534
unet,pytorch_cuda,cuda,64,0.5888959765434265
unet,pytorch_cuda,cuda,65,0.6061440110206604
unet,pytorch_cuda,cuda,66,0.5935680270195007
unet,pytorch_cuda,cuda,67,0.6883519887924194
unet,pytorch_cuda,cuda,68,0.5509759783744812
unet,pytorch_cuda,cuda,69,0.5919039845466614
unet,pytorch_cuda,cuda,70,0.5681920051574707
unet,pytorch_cuda,cuda,71,0.6057599782943726
unet,pytorch_cuda,cuda,72,0.6837120056152344
unet,pytorch_cuda,cuda,73,0.5825279951095581
unet,pytorch_cuda,cuda,74,0.6554239988327026
unet,pytorch_cuda,cuda,75,1.2194880247116089
unet,pytorch_cuda,cuda,76,0.6902400255203247
unet,pytorch_cuda,cuda,77,0.6245759725570679
unet,pytorch_cuda,cuda,78,0.5725759863853455
unet,pytorch_cuda,cuda,79,0.5953919887542725
unet,pytorch_cuda,cuda,80,2.5716159343719482
unet,pytorch_cuda,cuda,81,1.0022399425506592
unet,pytorch_cuda,cuda,82,0.5973119735717773
unet,pytorch_cuda,cuda,83,0.5891839861869812
unet,pytorch_cuda,cuda,84,0.5808320045471191
unet,pytorch_cuda,cuda,85,0.6202560067176819
unet,pytorch_cuda,cuda,86,0.7680960297584534
unet,pytorch_cuda,cuda,87,0.6104320287704468
unet,pytorch_cuda,cuda,88,0.6376640200614929
unet,pytorch_cuda,cuda,89,0.5390080213546753
unet,pytorch_cuda,cuda,90,0.5696640014648438
unet,pytorch_cuda,cuda,91,0.7487999796867371
unet,pytorch_cuda,cuda,92,1.374400019645691
unet,pytorch_cuda,cuda,93,0.5453119874000549
unet,pytorch_cuda,cuda,94,0.5502399802207947
unet,pytorch_cuda,cuda,95,0.7428159713745117
unet,pytorch_cuda,cuda,96,0.584384024143219
unet,pytorch_cuda,cuda,97,0.5781760215759277
unet,pytorch_cuda,cuda,98,0.5600640177726746
unet,pytorch_cuda,cuda,99,0.5865600109100342
unet,pytorch_cuda,cuda,100,0.7672640085220337
unet,pytorch_cuda,cuda,101,0.5990719795227051
unet,pytorch_cuda,cuda,102,0.6064640283584595
unet,pytorch_cuda,cuda,103,0.5943040251731873
unet,pytorch_cuda,cuda,104,0.5976960062980652
unet,pytorch_cuda,cuda,105,0.7643200159072876
unet,pytorch_cuda,cuda,106,0.650879979133606
unet,pytorch_cuda,cuda,107,0.5843200087547302
unet,pytorch_cuda,cuda,108,0.642848014831543
unet,pytorch_cuda,cuda,109,0.578656017780304
unet,pytorch_cuda,cuda,110,0.7307199835777283
unet,pytorch_cuda,cuda,111,0.6104320287704468
unet,pytorch_cuda,cuda,112,0.5518079996109009
unet,pytorch_cuda,cuda,113,0.5714560151100159
unet,pytorch_cuda,cuda,114,0.6254400014877319
unet,pytorch_cuda,cuda,115,1.720255970954895
unet,pytorch_cuda,cuda,116,0.6071360111236572
unet,pytorch_cuda,cuda,117,0.5665280222892761
unet,pytorch_cuda,cuda,118,0.5664640069007874
unet,pytorch_cuda,cuda,119,0.6809599995613098
unet,pytorch_cuda,cuda,120,0.5685439705848694
unet,pytorch_cuda,cuda,121,0.5908799767494202
unet,pytorch_cuda,cuda,122,0.6420800089836121
unet,pytorch_cuda,cuda,123,0.5674239993095398
unet,pytorch_cuda,cuda,124,0.7162879705429077
unet,pytorch_cuda,cuda,125,0.6076480150222778
unet,pytorch_cuda,cuda,126,0.5607680082321167
unet,pytorch_cuda,cuda,127,0.573311984539032
unet,pytorch_cuda,cuda,128,0.6072319746017456
unet,pytorch_cuda,cuda,129,0.7585920095443726
unet,pytorch_cuda,cuda,130,0.5555840134620667
unet,pytorch_cuda,cuda,131,0.5898240208625793
unet,pytorch_cuda,cuda,132,0.5772479772567749
unet,pytorch_cuda,cuda,133,0.6284800171852112
unet,pytorch_cuda,cuda,134,0.673695981502533
unet,pytorch_cuda,cuda,135,0.6555520296096802
unet,pytorch_cuda,cuda,136,0.5512959957122803
unet,pytorch_cuda,cuda,137,1.2060480117797852
unet,pytorch_cuda,cuda,138,0.7936000227928162
unet,pytorch_cuda,cuda,139,0.5781440138816833
unet,pytorch_cuda,cuda,140,0.5511360168457031
unet,pytorch_cuda,cuda,141,0.6003519892692566
unet,pytorch_cuda,cuda,142,0.5362240076065063
unet,pytorch_cuda,cuda,143,0.6698240041732788
unet,pytorch_cuda,cuda,144,0.5893759727478027
unet,pytorch_cuda,cuda,145,0.5652160048484802
unet,pytorch_cuda,cuda,146,2.608799934387207
unet,pytorch_cuda,cuda,147,1.1204160451889038
unet,pytorch_cuda,cuda,148,0.8202880024909973
unet,pytorch_cuda,cuda,149,0.6700479984283447
unet,pytorch_cuda,cuda,150,0.5648000240325928
unet,pytorch_cuda,cuda,151,0.5438079833984375
unet,pytorch_cuda,cuda,152,0.7220799922943115
unet,pytorch_cuda,cuda,153,0.8685439825057983
unet,pytorch_cuda,cuda,154,0.9921919703483582
unet,pytorch_cuda,cuda,155,0.532800018787384
unet,pytorch_cuda,cuda,156,0.5820159912109375
unet,pytorch_cuda,cuda,157,0.6149759888648987
unet,pytorch_cuda,cuda,158,0.6248319745063782
unet,pytorch_cuda,cuda,159,0.5728319883346558
unet,pytorch_cuda,cuda,160,0.6510400176048279
unet,pytorch_cuda,cuda,161,0.7544000148773193
unet,pytorch_cuda,cuda,162,0.6412799954414368
unet,pytorch_cuda,cuda,163,0.5828480124473572
unet,pytorch_cuda,cuda,164,0.5973759889602661
unet,pytorch_cuda,cuda,165,0.607807993888855
unet,pytorch_cuda,cuda,166,0.7472320199012756
unet,pytorch_cuda,cuda,167,0.6055359840393066
unet,pytorch_cuda,cuda,168,0.6097279787063599
unet,pytorch_cuda,cuda,169,0.7139840126037598
unet,pytorch_cuda,cuda,170,0.6195200085639954
unet,pytorch_cuda,cuda,171,0.7438399791717529
unet,pytorch_cuda,cuda,172,0.5462719798088074
unet,pytorch_cuda,cuda,173,0.578656017780304
unet,pytorch_cuda,cuda,174,0.6228160262107849
unet,pytorch_cuda,cuda,175,1.6075199842453003
unet,pytorch_cuda,cuda,176,0.7265920042991638
unet,pytorch_cuda,cuda,177,0.6888319849967957
unet,pytorch_cuda,cuda,178,0.5473600029945374
unet,pytorch_cuda,cuda,179,0.7749760150909424
unet,pytorch_cuda,cuda,180,0.551904022693634
unet,pytorch_cuda,cuda,181,0.6028800010681152
unet,pytorch_cuda,cuda,182,0.5448960065841675
unet,pytorch_cuda,cuda,183,0.586080014705658
unet,pytorch_cuda,cuda,184,0.7075200080871582
unet,pytorch_cuda,cuda,185,0.5622079968452454
unet,pytorch_cuda,cuda,186,0.5836160182952881
unet,pytorch_cuda,cuda,187,0.5884799957275391
unet,pytorch_cuda,cuda,188,0.578112006187439
unet,pytorch_cuda,cuda,189,0.5465279817581177
unet,pytorch_cuda,cuda,190,0.7092159986495972
unet,pytorch_cuda,cuda,191,0.5603200197219849
unet,pytorch_cuda,cuda,192,0.5843200087547302
unet,pytorch_cuda,cuda,193,0.5579519867897034
unet,pytorch_cuda,cuda,194,0.5757759809494019
unet,pytorch_cuda,cuda,195,0.7391679883003235
unet,pytorch_cuda,cuda,196,0.5576639771461487
unet,pytorch_cuda,cuda,197,0.5546879768371582
unet,pytorch_cuda,cuda,198,1.3637440204620361
unet,pytorch_cuda,cuda,199,0.7657600045204163
unet,pytorch_cuda,cuda,200,0.5677760243415833
unet,pytorch_cuda,cuda,201,0.586143970489502
unet,pytorch_cuda,cuda,202,0.6370559930801392
unet,pytorch_cuda,cuda,203,0.5431680083274841
unet,pytorch_cuda,cuda,204,0.7906240224838257
unet,pytorch_cuda,cuda,205,0.5688959956169128
unet,pytorch_cuda,cuda,206,0.5338240265846252
unet,pytorch_cuda,cuda,207,0.5414400100708008
unet,pytorch_cuda,cuda,208,0.5636159777641296
unet,pytorch_cuda,cuda,209,3.8452799320220947
unet,pytorch_cuda,cuda,210,0.8782719969749451
unet,pytorch_cuda,cuda,211,0.780128002166748
unet,pytorch_cuda,cuda,212,0.5551999807357788
unet,pytorch_cuda,cuda,213,0.5669440031051636
unet,pytorch_cuda,cuda,214,0.7365760207176208
unet,pytorch_cuda,cuda,215,1.388767957687378
unet,pytorch_cuda,cuda,216,0.5406399965286255
unet,pytorch_cuda,cuda,217,0.5624639987945557
unet,pytorch_cuda,cuda,218,0.7889919877052307
unet,pytorch_cuda,cuda,219,0.5737919807434082
unet,pytorch_cuda,cuda,220,0.6470080018043518
unet,pytorch_cuda,cuda,221,0.5713279843330383
unet,pytorch_cuda,cuda,222,0.5404800176620483
unet,pytorch_cuda,cuda,223,0.6614400148391724
unet,pytorch_cuda,cuda,224,0.5759360194206238
unet,pytorch_cuda,cuda,225,0.6033599972724915
unet,pytorch_cuda,cuda,226,0.5343359708786011
unet,pytorch_cuda,cuda,227,0.6089919805526733
unet,pytorch_cuda,cuda,228,0.7670400142669678
unet,pytorch_cuda,cuda,229,0.5574079751968384
unet,pytorch_cuda,cuda,230,0.5950719714164734
unet,pytorch_cuda,cuda,231,0.6020799875259399
unet,pytorch_cuda,cuda,232,0.5853440165519714
unet,pytorch_cuda,cuda,233,0.7414720058441162
unet,pytorch_cuda,cuda,234,0.5837439894676208
unet,pytorch_cuda,cuda,235,0.5834879875183105
unet,pytorch_cuda,cuda,236,0.5605760216712952
unet,pytorch_cuda,cuda,237,0.5655679702758789
unet,pytorch_cuda,cuda,238,1.6229439973831177
unet,pytorch_cuda,cuda,239,0.5759040117263794
unet,pytorch_cuda,cuda,240,0.5886080265045166
unet,pytorch_cuda,cuda,241,0.5640320181846619
unet,pytorch_cuda,cuda,242,0.7795199751853943
unet,pytorch_cuda,cuda,243,0.6080639958381653
unet,pytorch_cuda,cuda,244,0.6253439784049988
unet,pytorch_cuda,cuda,245,0.6254720091819763
unet,pytorch_cuda,cuda,246,0.6130880117416382
unet,pytorch_cuda,cuda,247,0.706496000289917
unet,pytorch_cuda,cuda,248,0.676256000995636
unet,pytorch_cuda,cuda,249,0.6002560257911682
unet,pytorch_cuda,cuda,250,0.5755519866943359
unet,pytorch_cuda,cuda,251,0.6257280111312866
unet,pytorch_cuda,cuda,252,0.7295680046081543
unet,pytorch_cuda,cuda,253,0.6241599917411804
unet,pytorch_cuda,cuda,254,0.5643519759178162
unet,pytorch_cuda,cuda,255,0.5733439922332764
unet,pytorch_cuda,cuda,256,0.5824959874153137
unet,pytorch_cuda,cuda,257,0.690559983253479
unet,pytorch_cuda,cuda,258,0.8019199967384338
unet,pytorch_cuda,cuda,259,0.7804480195045471
unet,pytorch_cuda,cuda,260,0.9630720019340515
unet,pytorch_cuda,cuda,261,0.7475839853286743
unet,pytorch_cuda,cuda,262,0.5608959794044495
unet,pytorch_cuda,cuda,263,0.5550079941749573
unet,pytorch_cuda,cuda,264,0.5767679810523987
unet,pytorch_cuda,cuda,265,0.6046720147132874
unet,pytorch_cuda,cuda,266,0.7379840016365051
unet,pytorch_cuda,cuda,267,0.6214720010757446
unet,pytorch_cuda,cuda,268,0.5425599813461304
unet,pytorch_cuda,cuda,269,0.5448319911956787
unet,pytorch_cuda,cuda,270,0.5649920105934143
unet,pytorch_cuda,cuda,271,0.7708479762077332
unet,pytorch_cuda,cuda,272,0.6715520024299622
unet,pytorch_cuda,cuda,273,0.6225280165672302
unet,pytorch_cuda,cuda,274,0.54339200258255
unet,pytorch_cuda,cuda,275,0.5898240208625793
unet,pytorch_cuda,cuda,276,3.803391933441162
unet,pytorch_cuda,cuda,277,0.9178239703178406
unet,pytorch_cuda,cuda,278,1.901087999343872
unet,pytorch_cuda,cuda,279,0.7873280048370361
unet,pytorch_cuda,cuda,280,0.559328019618988
unet,pytorch_cuda,cuda,281,0.5889279842376709
unet,pytorch_cuda,cuda,282,0.5774719715118408
unet,pytorch_cuda,cuda,283,0.5921279788017273
unet,pytorch_cuda,cuda,284,0.7383360266685486
unet,pytorch_cuda,cuda,285,0.6019200086593628
unet,pytorch_cuda,cuda,286,0.575007975101471
unet,pytorch_cuda,cuda,287,0.5590400099754333
unet,pytorch_cuda,cuda,288,0.5925120115280151
unet,pytorch_cuda,cuda,289,0.708191990852356
unet,pytorch_cuda,cuda,290,0.5680000185966492
unet,pytorch_cuda,cuda,291,0.573311984539032
unet,pytorch_cuda,cuda,292,0.6247040033340454
unet,pytorch_cuda,cuda,293,0.6238080263137817
unet,pytorch_cuda,cuda,294,0.6817280054092407
unet,pytorch_cuda,cuda,295,0.5793920159339905
unet,pytorch_cuda,cuda,296,0.571071982383728
unet,pytorch_cuda,cuda,297,0.5674880146980286
unet,pytorch_cuda,cuda,298,0.5685120224952698
unet,pytorch_cuda,cuda,299,1.5821119546890259
unet,pytorch_cuda,cuda,300,0.5967040061950684
unet,pytorch_cuda,cuda,301,0.5861759781837463
unet,pytorch_cuda,cuda,302,0.5906879901885986
unet,pytorch_cuda,cuda,303,0.6898880004882812
unet,pytorch_cuda,cuda,304,0.5861759781837463
unet,pytorch_cuda,cuda,305,0.6646720170974731
unet,pytorch_cuda,cuda,306,0.6223040223121643
unet,pytorch_cuda,cuda,307,0.6902400255203247
unet,pytorch_cuda,cuda,308,0.7497280240058899
unet,pytorch_cuda,cuda,309,0.6856319904327393
unet,pytorch_cuda,cuda,310,0.6261439919471741
unet,pytorch_cuda,cuda,311,0.598143994808197
unet,pytorch_cuda,cuda,312,0.5943679809570312
unet,pytorch_cuda,cuda,313,0.774944007396698
unet,pytorch_cuda,cuda,314,0.5863040089607239
unet,pytorch_cuda,cuda,315,0.5932160019874573
unet,pytorch_cuda,cuda,316,0.5833920240402222
unet,pytorch_cuda,cuda,317,0.605023980140686
unet,pytorch_cuda,cuda,318,0.7109760046005249
unet,pytorch_cuda,cuda,319,0.6362239718437195
unet,pytorch_cuda,cuda,320,0.8498560190200806
unet,pytorch_cuda,cuda,321,0.9429759979248047
unet,pytorch_cuda,cuda,322,0.7656639814376831
unet,pytorch_cuda,cuda,323,0.6232320070266724
unet,pytorch_cuda,cuda,324,0.5734400153160095
unet,pytorch_cuda,cuda,325,0.7199360132217407
unet,pytorch_cuda,cuda,326,0.5997120141983032
unet,pytorch_cuda,cuda,327,0.5626239776611328
unet,pytorch_cuda,cuda,328,0.5592960119247437
unet,pytorch_cuda,cuda,329,0.5565760135650635
unet,pytorch_cuda,cuda,330,0.5380160212516785
unet,pytorch_cuda,cuda,331,0.5922560095787048
unet,pytorch_cuda,cuda,332,0.7271040081977844
unet,pytorch_cuda,cuda,333,0.5744320154190063
unet,pytorch_cuda,cuda,334,0.5625280141830444
unet,pytorch_cuda,cuda,335,0.5653120279312134
unet,pytorch_cuda,cuda,336,0.5884479880332947
unet,pytorch_cuda,cuda,337,0.6839039921760559
unet,pytorch_cuda,cuda,338,0.5929279923439026
unet,pytorch_cuda,cuda,339,3.0398080348968506
unet,pytorch_cuda,cuda,340,1.8995840549468994
unet,pytorch_cuda,cuda,341,0.7724480032920837
unet,pytorch_cuda,cuda,342,0.5790079832077026
unet,pytorch_cuda,cuda,343,0.5674239993095398
unet,pytorch_cuda,cuda,344,0.5728960037231445
unet,pytorch_cuda,cuda,345,0.5672320127487183
unet,pytorch_cuda,cuda,346,0.6906560063362122
unet,pytorch_cuda,cuda,347,0.5733439922332764
unet,pytorch_cuda,cuda,348,0.5384960174560547
unet,pytorch_cuda,cuda,349,0.5390719771385193
unet,pytorch_cuda,cuda,350,0.5947520136833191
unet,pytorch_cuda,cuda,351,0.6629760265350342
unet,pytorch_cuda,cuda,352,0.5925760269165039
unet,pytorch_cuda,cuda,353,0.5485439896583557
unet,pytorch_cuda,cuda,354,0.5669119954109192
unet,pytorch_cuda,cuda,355,0.5719680190086365
unet,pytorch_cuda,cuda,356,0.5633280277252197
unet,pytorch_cuda,cuda,357,0.669152021408081
unet,pytorch_cuda,cuda,358,0.5473600029945374
unet,pytorch_cuda,cuda,359,0.5686079859733582
unet,pytorch_cuda,cuda,360,0.5612800121307373
unet,pytorch_cuda,cuda,361,0.7697280049324036
unet,pytorch_cuda,cuda,362,1.5897599458694458
unet,pytorch_cuda,cuda,363,0.5522559881210327
unet,pytorch_cuda,cuda,364,0.6045759916305542
unet,pytorch_cuda,cuda,365,0.6709759831428528
unet,pytorch_cuda,cuda,366,0.6527680158615112
unet,pytorch_cuda,cuda,367,0.6078720092773438
unet,pytorch_cuda,cuda,368,0.5670080184936523
unet,pytorch_cuda,cuda,369,0.6079679727554321
unet,pytorch_cuda,cuda,370,0.7411199808120728
unet,pytorch_cuda,cuda,371,0.5702400207519531
unet,pytorch_cuda,cuda,372,0.6043199896812439
unet,pytorch_cuda,cuda,373,0.5768960118293762
unet,pytorch_cuda,cuda,374,0.6005120277404785
unet,pytorch_cuda,cuda,375,0.5970879793167114
unet,pytorch_cuda,cuda,376,0.5815680027008057
unet,pytorch_cuda,cuda,377,0.584384024143219
unet,pytorch_cuda,cuda,378,0.5845440030097961
unet,pytorch_cuda,cuda,379,0.5670719742774963
unet,pytorch_cuda,cuda,380,0.6140480041503906
unet,pytorch_cuda,cuda,381,0.6861439943313599
unet,pytorch_cuda,cuda,382,0.5764480233192444
unet,pytorch_cuda,cuda,383,0.7273280024528503
unet,pytorch_cuda,cuda,384,1.0767040252685547
unet,pytorch_cuda,cuda,385,0.9294080138206482
unet,pytorch_cuda,cuda,386,0.5514879822731018
unet,pytorch_cuda,cuda,387,0.5705919861793518
unet,pytorch_cuda,cuda,388,0.5645760297775269
unet,pytorch_cuda,cuda,389,0.5451840162277222
unet,pytorch_cuda,cuda,390,0.7030720114707947
unet,pytorch_cuda,cuda,391,0.5611839890480042
unet,pytorch_cuda,cuda,392,0.540831983089447
unet,pytorch_cuda,cuda,393,0.5677760243415833
unet,pytorch_cuda,cuda,394,0.5575360059738159
unet,pytorch_cuda,cuda,395,0.6652479767799377
unet,pytorch_cuda,cuda,396,0.6316480040550232
unet,pytorch_cuda,cuda,397,0.5731520056724548
unet,pytorch_cuda,cuda,398,0.5979200005531311
unet,pytorch_cuda,cuda,399,0.5942720174789429
unet,pytorch_cuda,cuda,400,0.7408319711685181
unet,pytorch_cuda,cuda,401,0.6150079965591431
unet,pytorch_cuda,cuda,402,0.5728639960289001
unet,pytorch_cuda,cuda,403,0.610975980758667
unet,pytorch_cuda,cuda,404,0.7934399843215942
unet,pytorch_cuda,cuda,405,3.7958080768585205
unet,pytorch_cuda,cuda,406,0.6906880140304565
unet,pytorch_cuda,cuda,407,0.7488639950752258
unet,pytorch_cuda,cuda,408,1.1664320230484009
unet,pytorch_cuda,cuda,409,0.6552960276603699
unet,pytorch_cuda,cuda,410,0.5980479717254639
unet,pytorch_cuda,cuda,411,0.6032320261001587
unet,pytorch_cuda,cuda,412,0.7486400008201599
unet,pytorch_cuda,cuda,413,0.5709440112113953
unet,pytorch_cuda,cuda,414,0.5497279763221741
unet,pytorch_cuda,cuda,415,0.5797759890556335
unet,pytorch_cuda,cuda,416,0.624671995639801
unet,pytorch_cuda,cuda,417,0.7322239875793457
unet,pytorch_cuda,cuda,418,0.6243839859962463
unet,pytorch_cuda,cuda,419,0.5890560150146484
unet,pytorch_cuda,cuda,420,0.666815996170044
unet,pytorch_cuda,cuda,421,0.6079679727554321
unet,pytorch_cuda,cuda,422,1.741536021232605
unet,pytorch_cuda,cuda,423,0.5848960280418396
unet,pytorch_cuda,cuda,424,0.5585600137710571
unet,pytorch_cuda,cuda,425,0.5424320101737976
unet,pytorch_cuda,cuda,426,0.9051200151443481
unet,pytorch_cuda,cuda,427,0.6021440029144287
unet,pytorch_cuda,cuda,428,0.594048023223877
unet,pytorch_cuda,cuda,429,0.6224319934844971
unet,pytorch_cuda,cuda,430,0.7317759990692139
unet,pytorch_cuda,cuda,431,0.5579519867897034
unet,pytorch_cuda,cuda,432,0.6079679727554321
unet,pytorch_cuda,cuda,433,0.6193280220031738
unet,pytorch_cuda,cuda,434,0.5628799796104431
unet,pytorch_cuda,cuda,435,0.7311360239982605
unet,pytorch_cuda,cuda,436,0.6323519945144653
unet,pytorch_cuda,cuda,437,0.5671359896659851
unet,pytorch_cuda,cuda,438,0.5526400208473206
unet,pytorch_cuda,cuda,439,0.6064000129699707
unet,pytorch_cuda,cuda,440,0.7604479789733887
unet,pytorch_cuda,cuda,441,0.6088640093803406
unet,pytorch_cuda,cuda,442,0.627776026725769
unet,pytorch_cuda,cuda,443,1.3795839548110962
unet,pytorch_cuda,cuda,444,0.7380160093307495
unet,pytorch_cuda,cuda,445,0.616703987121582
unet,pytorch_cuda,cuda,446,0.5674880146980286
unet,pytorch_cuda,cuda,447,0.5727360248565674
unet,pytorch_cuda,cuda,448,0.5465919971466064
unet,pytorch_cuda,cuda,449,0.6553599834442139
unet,pytorch_cuda,cuda,450,0.5812479853630066
unet,pytorch_cuda,cuda,451,0.5287039875984192
unet,pytorch_cuda,cuda,452,0.563040018081665
unet,pytorch_cuda,cuda,453,0.6367359757423401
unet,pytorch_cuda,cuda,454,0.7274240255355835
unet,pytorch_cuda,cuda,455,0.5690879821777344
unet,pytorch_cuda,cuda,456,0.5889599919319153
unet,pytorch_cuda,cuda,457,0.5457599759101868
unet,pytorch_cuda,cuda,458,0.6256319880485535
unet,pytorch_cuda,cuda,459,0.6997119784355164
unet,pytorch_cuda,cuda,460,0.7864959836006165
unet,pytorch_cuda,cuda,461,0.68995201587677
unet,pytorch_cuda,cuda,462,0.748960018157959
unet,pytorch_cuda,cuda,463,0.7731519937515259
unet,pytorch_cuda,cuda,464,1.4319679737091064
unet,pytorch_cuda,cuda,465,0.616927981376648
unet,pytorch_cuda,cuda,466,0.6546880006790161
unet,pytorch_cuda,cuda,467,0.7601280212402344
unet,pytorch_cuda,cuda,468,3.802464008331299
unet,pytorch_cuda,cuda,469,0.7086399793624878
unet,pytorch_cuda,cuda,470,0.7238720059394836
unet,pytorch_cuda,cuda,471,0.7078719735145569
unet,pytorch_cuda,cuda,472,0.5880320072174072
unet,pytorch_cuda,cuda,473,0.6376640200614929
unet,pytorch_cuda,cuda,474,0.5809919834136963
unet,pytorch_cuda,cuda,475,0.6348479986190796
unet,pytorch_cuda,cuda,476,0.760640025138855
unet,pytorch_cuda,cuda,477,0.5308160185813904
unet,pytorch_cuda,cuda,478,0.610912024974823
unet,pytorch_cuda,cuda,479,0.5561599731445312
unet,pytorch_cuda,cuda,480,0.9776319861412048
unet,pytorch_cuda,cuda,481,1.1975040435791016
unet,pytorch_cuda,cuda,482,0.6244159936904907
unet,pytorch_cuda,cuda,483,0.5478399991989136
unet,pytorch_cuda,cuda,484,0.5831360220909119
unet,pytorch_cuda,cuda,485,0.7209600210189819
unet,pytorch_cuda,cuda,486,0.5909119844436646
unet,pytorch_cuda,cuda,487,0.5675839781761169
unet,pytorch_cuda,cuda,488,0.64656001329422
unet,pytorch_cuda,cuda,489,0.8615040183067322
unet,pytorch_cuda,cuda,490,0.5464640259742737
unet,pytorch_cuda,cuda,491,0.6044480204582214
unet,pytorch_cuda,cuda,492,0.6216639876365662
unet,pytorch_cuda,cuda,493,0.7158719897270203
unet,pytorch_cuda,cuda,494,0.7055360078811646
unet,pytorch_cuda,cuda,495,0.5630720257759094
unet,pytorch_cuda,cuda,496,0.586624026298523
unet,pytorch_cuda,cuda,497,0.5862079858779907
unet,pytorch_cuda,cuda,498,0.5719040036201477
unet,pytorch_cuda,cuda,499,0.6687999963760376
unet,pytorch_cuda,cuda,500,0.5737919807434082
unet,pytorch_cuda,cuda,501,0.5707839727401733
unet,pytorch_cuda,cuda,502,1.3927359580993652
unet,pytorch_cuda,cuda,503,0.6956800222396851
unet,pytorch_cuda,cuda,504,0.6471999883651733
unet,pytorch_cuda,cuda,505,0.615776002407074
unet,pytorch_cuda,cuda,506,0.5536320209503174
unet,pytorch_cuda,cuda,507,0.5454400181770325
unet,pytorch_cuda,cuda,508,0.7905600070953369
unet,pytorch_cuda,cuda,509,0.5922560095787048
unet,pytorch_cuda,cuda,510,0.5445759892463684
unet,pytorch_cuda,cuda,511,0.5516160130500793
unet,pytorch_cuda,cuda,512,0.5654079914093018
unet,pytorch_cuda,cuda,513,0.803712010383606
unet,pytorch_cuda,cuda,514,0.5704960227012634
unet,pytorch_cuda,cuda,515,0.5607680082321167
unet,pytorch_cuda,cuda,516,0.5635520219802856
unet,pytorch_cuda,cuda,517,0.532863974571228
unet,pytorch_cuda,cuda,518,0.6816959977149963
unet,pytorch_cuda,cuda,519,0.6171200275421143
unet,pytorch_cuda,cuda,520,0.5555199980735779
unet,pytorch_cuda,cuda,521,0.5398719906806946
unet,pytorch_cuda,cuda,522,0.5543040037155151
unet,pytorch_cuda,cuda,523,0.6419519782066345
unet,pytorch_cuda,cuda,524,1.3877439498901367
unet,pytorch_cuda,cuda,525,0.6407679915428162
unet,pytorch_cuda,cuda,526,0.6254720091819763
unet,pytorch_cuda,cuda,527,0.7819200158119202
unet,pytorch_cuda,cuda,528,0.7163199782371521
unet,pytorch_cuda,cuda,529,0.7888000011444092
unet,pytorch_cuda,cuda,530,0.5757759809494019
unet,pytorch_cuda,cuda,531,3.258336067199707
unet,pytorch_cuda,cuda,532,0.8487039804458618
unet,pytorch_cuda,cuda,533,0.6490880250930786
unet,pytorch_cuda,cuda,534,0.8311039805412292
unet,pytorch_cuda,cuda,535,0.5841919779777527
unet,pytorch_cuda,cuda,536,0.7274879813194275
unet,pytorch_cuda,cuda,537,0.607807993888855
unet,pytorch_cuda,cuda,538,0.5756480097770691
unet,pytorch_cuda,cuda,539,0.5743359923362732
unet,pytorch_cuda,cuda,540,1.6081600189208984
unet,pytorch_cuda,cuda,541,0.7043200135231018
unet,pytorch_cuda,cuda,542,0.6423680186271667
unet,pytorch_cuda,cuda,543,0.6171200275421143
unet,pytorch_cuda,cuda,544,0.7927680015563965
unet,pytorch_cuda,cuda,545,0.5927039980888367
unet,pytorch_cuda,cuda,546,0.7255679965019226
unet,pytorch_cuda,cuda,547,0.5552639961242676
unet,pytorch_cuda,cuda,548,0.5429440140724182
unet,pytorch_cuda,cuda,549,0.7063999772071838
unet,pytorch_cuda,cuda,550,0.6060799956321716
unet,pytorch_cuda,cuda,551,0.6128640174865723
unet,pytorch_cuda,cuda,552,0.6600959897041321
unet,pytorch_cuda,cuda,553,0.8591039776802063
unet,pytorch_cuda,cuda,554,0.6384000182151794
unet,pytorch_cuda,cuda,555,0.5789759755134583
unet,pytorch_cuda,cuda,556,0.914080023765564
unet,pytorch_cuda,cuda,557,0.852895975112915
unet,pytorch_cuda,cuda,558,0.6732479929924011
unet,pytorch_cuda,cuda,559,0.946943998336792
unet,pytorch_cuda,cuda,560,0.8913599848747253
unet,pytorch_cuda,cuda,561,0.7930560111999512
unet,pytorch_cuda,cuda,562,0.5844799876213074
unet,pytorch_cuda,cuda,563,0.5914559960365295
unet,pytorch_cuda,cuda,564,0.6139519810676575
unet,pytorch_cuda,cuda,565,0.9062079787254333
unet,pytorch_cuda,cuda,566,0.5677760243415833
unet,pytorch_cuda,cuda,567,0.6234880089759827
unet,pytorch_cuda,cuda,568,0.5727360248565674
unet,pytorch_cuda,cuda,569,0.5761920213699341
unet,pytorch_cuda,cuda,570,0.5301439762115479
unet,pytorch_cuda,cuda,571,0.7168639898300171
unet,pytorch_cuda,cuda,572,0.6104320287704468
unet,pytorch_cuda,cuda,573,0.5771840214729309
unet,pytorch_cuda,cuda,574,0.5718719959259033
unet,pytorch_cuda,cuda,575,0.567903995513916
unet,pytorch_cuda,cuda,576,0.7122560143470764
unet,pytorch_cuda,cuda,577,0.6554239988327026
unet,pytorch_cuda,cuda,578,0.600383996963501
unet,pytorch_cuda,cuda,579,0.5864319801330566
unet,pytorch_cuda,cuda,580,0.6447039842605591
unet,pytorch_cuda,cuda,581,0.7161279916763306
unet,pytorch_cuda,cuda,582,1.3683520555496216
unet,pytorch_cuda,cuda,583,0.582368016242981
unet,pytorch_cuda,cuda,584,0.590719997882843
unet,pytorch_cuda,cuda,585,0.7782400250434875
unet,pytorch_cuda,cuda,586,0.6003199815750122
unet,pytorch_cuda,cuda,587,0.6021760106086731
unet,pytorch_cuda,cuda,588,0.6154559850692749
unet,pytorch_cuda,cuda,589,0.7226240038871765
unet,pytorch_cuda,cuda,590,0.6216639876365662
unet,pytorch_cuda,cuda,591,0.571008026599884
unet,pytorch_cuda,cuda,592,0.5831360220909119
unet,pytorch_cuda,cuda,593,0.5496000051498413
unet,pytorch_cuda,cuda,594,0.5768640041351318
unet,pytorch_cuda,cuda,595,0.6364799737930298
unet,pytorch_cuda,cuda,596,3.989248037338257
unet,pytorch_cuda,cuda,597,0.5514240264892578
unet,pytorch_cuda,cuda,598,1.448799967765808
unet,pytorch_cuda,cuda,599,1.2681280374526978
unet,pytorch_cuda,cuda,600,0.6164159774780273
unet,pytorch_cuda,cuda,601,0.576416015625
unet,pytorch_cuda,cuda,602,0.6821439862251282
unet,pytorch_cuda,cuda,603,0.6520000100135803
unet,pytorch_cuda,cuda,604,0.6111999750137329
unet,pytorch_cuda,cuda,605,0.5983999967575073
unet,pytorch_cuda,cuda,606,0.5591040253639221
unet,pytorch_cuda,cuda,607,0.6054080128669739
unet,pytorch_cuda,cuda,608,0.651423990726471
unet,pytorch_cuda,cuda,609,0.6038720011711121
unet,pytorch_cuda,cuda,610,0.6182720065116882
unet,pytorch_cuda,cuda,611,0.612064003944397
unet,pytorch_cuda,cuda,612,0.535968005657196
unet,pytorch_cuda,cuda,613,0.7483839988708496
unet,pytorch_cuda,cuda,614,0.5455039739608765
unet,pytorch_cuda,cuda,615,0.5623999834060669
unet,pytorch_cuda,cuda,616,0.5804479718208313
unet,pytorch_cuda,cuda,617,0.576479971408844
unet,pytorch_cuda,cuda,618,0.7124159932136536
unet,pytorch_cuda,cuda,619,0.5424320101737976
unet,pytorch_cuda,cuda,620,0.5820159912109375
unet,pytorch_cuda,cuda,621,1.3925119638442993
unet,pytorch_cuda,cuda,622,0.7641280293464661
unet,pytorch_cuda,cuda,623,0.5493119955062866
unet,pytorch_cuda,cuda,624,0.5692800283432007
unet,pytorch_cuda,cuda,625,0.5669119954109192
unet,pytorch_cuda,cuda,626,0.537663996219635
unet,pytorch_cuda,cuda,627,0.7143679857254028
unet,pytorch_cuda,cuda,628,0.5439040064811707
unet,pytorch_cuda,cuda,629,0.5551040172576904
unet,pytorch_cuda,cuda,630,0.5374079942703247
unet,pytorch_cuda,cuda,631,0.5703999996185303
unet,pytorch_cuda,cuda,632,0.5356799960136414
unet,pytorch_cuda,cuda,633,0.6835839748382568
unet,pytorch_cuda,cuda,634,0.5358399748802185
unet,pytorch_cuda,cuda,635,0.5643200278282166
unet,pytorch_cuda,cuda,636,0.5356159806251526
unet,pytorch_cuda,cuda,637,0.5559999942779541
unet,pytorch_cuda,cuda,638,0.6838080286979675
unet,pytorch_cuda,cuda,639,0.5622079968452454
unet,pytorch_cuda,cuda,640,0.535647988319397
unet,pytorch_cuda,cuda,641,0.5333439707756042
unet,pytorch_cuda,cuda,642,0.6079360246658325
unet,pytorch_cuda,cuda,643,0.6486719846725464
unet,pytorch_cuda,cuda,644,0.7305600047111511
unet,pytorch_cuda,cuda,645,1.102112054824829
unet,pytorch_cuda,cuda,646,0.5668479800224304
unet,pytorch_cuda,cuda,647,0.6152960062026978
unet,pytorch_cuda,cuda,648,0.5557760000228882
unet,pytorch_cuda,cuda,649,0.5856639742851257
unet,pytorch_cuda,cuda,650,0.5783360004425049
unet,pytorch_cuda,cuda,651,0.608672022819519
unet,pytorch_cuda,cuda,652,0.5684159994125366
unet,pytorch_cuda,cuda,653,0.6855999827384949
unet,pytorch_cuda,cuda,654,0.5835840106010437
unet,pytorch_cuda,cuda,655,0.5521600246429443
unet,pytorch_cuda,cuda,656,0.5420479774475098
unet,pytorch_cuda,cuda,657,0.5357760190963745
unet,pytorch_cuda,cuda,658,0.7416319847106934
unet,pytorch_cuda,cuda,659,0.5401600003242493
unet,pytorch_cuda,cuda,660,0.5848960280418396
unet,pytorch_cuda,cuda,661,0.6041280031204224
unet,pytorch_cuda,cuda,662,3.038815975189209
unet,pytorch_cuda,cuda,663,0.86735999584198
unet,pytorch_cuda,cuda,664,1.7324800491333008
unet,pytorch_cuda,cuda,665,0.6031039953231812
unet,pytorch_cuda,cuda,666,0.5706560015678406
unet,pytorch_cuda,cuda,667,0.599776029586792
unet,pytorch_cuda,cuda,668,0.5754240155220032
unet,pytorch_cuda,cuda,669,0.5847679972648621
unet,pytorch_cuda,cuda,670,0.5701760053634644
unet,pytorch_cuda,cuda,671,0.6013759970664978
unet,pytorch_cuda,cuda,672,0.555679976940155
unet,pytorch_cuda,cuda,673,0.590719997882843
unet,pytorch_cuda,cuda,674,0.5936319828033447
unet,pytorch_cuda,cuda,675,0.5621119737625122
unet,pytorch_cuda,cuda,676,0.5471360087394714
unet,pytorch_cuda,cuda,677,0.6135039925575256
unet,pytorch_cuda,cuda,678,0.6578879952430725
unet,pytorch_cuda,cuda,679,0.6178560256958008
unet,pytorch_cuda,cuda,680,0.5398079752922058
unet,pytorch_cuda,cuda,681,0.5337920188903809
unet,pytorch_cuda,cuda,682,0.5356799960136414
unet,pytorch_cuda,cuda,683,0.604095995426178
unet,pytorch_cuda,cuda,684,0.5777599811553955
unet,pytorch_cuda,cuda,685,0.5502719879150391
unet,pytorch_cuda,cuda,686,0.7017279863357544
unet,pytorch_cuda,cuda,687,1.1129920482635498
unet,pytorch_cuda,cuda,688,0.6111360192298889
unet,pytorch_cuda,cuda,689,0.5467519760131836
unet,pytorch_cuda,cuda,690,0.5509120225906372
unet,pytorch_cuda,cuda,691,0.5777279734611511
unet,pytorch_cuda,cuda,692,0.5678079724311829
unet,pytorch_cuda,cuda,693,0.6440640091896057
unet,pytorch_cuda,cuda,694,0.5754240155220032
unet,pytorch_cuda,cuda,695,0.6028800010681152
unet,pytorch_cuda,cuda,696,0.5572800040245056
unet,pytorch_cuda,cuda,697,0.5335040092468262
unet,pytorch_cuda,cuda,698,0.5391359925270081
unet,pytorch_cuda,cuda,699,0.5789440274238586
unet,pytorch_cuda,cuda,700,0.5453760027885437
unet,pytorch_cuda,cuda,701,0.5328320264816284
unet,pytorch_cuda,cuda,702,0.554144024848938
unet,pytorch_cuda,cuda,703,0.5544639825820923
unet,pytorch_cuda,cuda,704,0.6021119952201843
unet,pytorch_cuda,cuda,705,0.608128011226654
unet,pytorch_cuda,cuda,706,0.5886719822883606
unet,pytorch_cuda,cuda,707,0.5952960252761841
unet,pytorch_cuda,cuda,708,0.5788480043411255
unet,pytorch_cuda,cuda,709,0.5757439732551575
unet,pytorch_cuda,cuda,710,0.5489599704742432
unet,pytorch_cuda,cuda,711,1.3812479972839355
unet,pytorch_cuda,cuda,712,0.5948479771614075
unet,pytorch_cuda,cuda,713,0.5933120250701904
unet,pytorch_cuda,cuda,714,0.5934399962425232
unet,pytorch_cuda,cuda,715,0.5470719933509827
unet,pytorch_cuda,cuda,716,0.5686399936676025
unet,pytorch_cuda,cuda,717,0.5863040089607239
unet,pytorch_cuda,cuda,718,0.5560960173606873
unet,pytorch_cuda,cuda,719,0.5910720229148865
unet,pytorch_cuda,cuda,720,0.5400000214576721
unet,pytorch_cuda,cuda,721,0.5649279952049255
unet,pytorch_cuda,cuda,722,0.5661439895629883
unet,pytorch_cuda,cuda,723,0.6032639741897583
unet,pytorch_cuda,cuda,724,0.6226239800453186
unet,pytorch_cuda,cuda,725,0.618943989276886
unet,pytorch_cuda,cuda,726,0.599776029586792
unet,pytorch_cuda,cuda,727,0.5629439949989319
unet,pytorch_cuda,cuda,728,0.654304027557373
unet,pytorch_cuda,cuda,729,0.5671039819717407
unet,pytorch_cuda,cuda,730,0.6065919995307922
unet,pytorch_cuda,cuda,731,0.53711998462677
unet,pytorch_cuda,cuda,732,0.5309439897537231
unet,pytorch_cuda,cuda,733,0.5606080293655396
unet,pytorch_cuda,cuda,734,0.5524160265922546
unet,pytorch_cuda,cuda,735,3.7790720462799072
unet,pytorch_cuda,cuda,736,0.9482240080833435
unet,pytorch_cuda,cuda,737,1.0442240238189697
unet,pytorch_cuda,cuda,738,0.6179199814796448
unet,pytorch_cuda,cuda,739,0.5829759836196899
unet,pytorch_cuda,cuda,740,0.5919039845466614
unet,pytorch_cuda,cuda,741,0.6173760294914246
unet,pytorch_cuda,cuda,742,0.5769919753074646
unet,pytorch_cuda,cuda,743,0.5717120170593262
unet,pytorch_cuda,cuda,744,0.6681600213050842
unet,pytorch_cuda,cuda,745,0.6123520135879517
unet,pytorch_cuda,cuda,746,0.5528320074081421
unet,pytorch_cuda,cuda,747,0.5894719958305359
unet,pytorch_cuda,cuda,748,0.5682240128517151
unet,pytorch_cuda,cuda,749,0.5492479801177979
unet,pytorch_cuda,cuda,750,0.5721920132637024
unet,pytorch_cuda,cuda,751,0.5587520003318787
unet,pytorch_cuda,cuda,752,0.5582399964332581
unet,pytorch_cuda,cuda,753,1.701632022857666
unet,pytorch_cuda,cuda,754,0.5966399908065796
unet,pytorch_cuda,cuda,755,0.5739520192146301
unet,pytorch_cuda,cuda,756,0.550815999507904
unet,pytorch_cuda,cuda,757,0.570527970790863
unet,pytorch_cuda,cuda,758,0.5721920132637024
unet,pytorch_cuda,cuda,759,0.5962240099906921
unet,pytorch_cuda,cuda,760,0.5722240209579468
unet,pytorch_cuda,cuda,761,0.5521600246429443
unet,pytorch_cuda,cuda,762,0.552511990070343
unet,pytorch_cuda,cuda,763,0.5636159777641296
unet,pytorch_cuda,cuda,764,0.5611839890480042
unet,pytorch_cuda,cuda,765,0.6072959899902344
unet,pytorch_cuda,cuda,766,0.5350080132484436
unet,pytorch_cuda,cuda,767,0.5985919833183289
unet,pytorch_cuda,cuda,768,0.5609599947929382
unet,pytorch_cuda,cuda,769,0.530784010887146
unet,pytorch_cuda,cuda,770,0.5635200142860413
unet,pytorch_cuda,cuda,771,0.5564479827880859
unet,pytorch_cuda,cuda,772,0.5835840106010437
unet,pytorch_cuda,cuda,773,0.5948479771614075
unet,pytorch_cuda,cuda,774,0.569599986076355
unet,pytorch_cuda,cuda,775,0.5455999970436096
unet,pytorch_cuda,cuda,776,0.5588160157203674
unet,pytorch_cuda,cuda,777,1.3789440393447876
unet,pytorch_cuda,cuda,778,0.5635200142860413
unet,pytorch_cuda,cuda,779,0.5682880282402039
unet,pytorch_cuda,cuda,780,0.5817919969558716
unet,pytorch_cuda,cuda,781,0.5649600028991699
unet,pytorch_cuda,cuda,782,0.5395200252532959
unet,pytorch_cuda,cuda,783,0.5359359979629517
unet,pytorch_cuda,cuda,784,0.5555840134620667
unet,pytorch_cuda,cuda,785,0.5714560151100159
unet,pytorch_cuda,cuda,786,0.5674560070037842
unet,pytorch_cuda,cuda,787,0.5638719797134399
unet,pytorch_cuda,cuda,788,0.573248028755188
unet,pytorch_cuda,cuda,789,0.5389440059661865
unet,pytorch_cuda,cuda,790,0.5929279923439026
unet,pytorch_cuda,cuda,791,0.5651519894599915
unet,pytorch_cuda,cuda,792,0.5523840188980103
unet,pytorch_cuda,cuda,793,0.5507519841194153
unet,pytorch_cuda,cuda,794,0.5544000267982483
unet,pytorch_cuda,cuda,795,0.5305920243263245
unet,pytorch_cuda,cuda,796,0.5683519840240479
unet,pytorch_cuda,cuda,797,0.576479971408844
unet,pytorch_cuda,cuda,798,0.5650879740715027
unet,pytorch_cuda,cuda,799,0.5611519813537598
unet,pytorch_cuda,cuda,800,0.5413119792938232
unet,pytorch_cuda,cuda,801,0.5670400261878967
unet,pytorch_cuda,cuda,802,1.1498559713363647
unet,pytorch_cuda,cuda,803,1.1510080099105835
unet,pytorch_cuda,cuda,804,0.5782719850540161
unet,pytorch_cuda,cuda,805,3.7567360401153564
unet,pytorch_cuda,cuda,806,0.6529279947280884
unet,pytorch_cuda,cuda,807,1.1195839643478394
unet,pytorch_cuda,cuda,808,0.560479998588562
unet,pytorch_cuda,cuda,809,0.5901119709014893
unet,pytorch_cuda,cuda,810,0.5999680161476135
unet,pytorch_cuda,cuda,811,0.5415359735488892
unet,pytorch_cuda,cuda,812,0.6224960088729858
unet,pytorch_cuda,cuda,813,0.5694079995155334
unet,pytorch_cuda,cuda,814,0.5844799876213074
unet,pytorch_cuda,cuda,815,0.6031039953231812
unet,pytorch_cuda,cuda,816,0.5372480154037476
unet,pytorch_cuda,cuda,817,0.5826879739761353
unet,pytorch_cuda,cuda,818,0.549344003200531
unet,pytorch_cuda,cuda,819,0.5404160022735596
unet,pytorch_cuda,cuda,820,1.1729600429534912
unet,pytorch_cuda,cuda,821,0.6926400065422058
unet,pytorch_cuda,cuda,822,0.6180160045623779
unet,pytorch_cuda,cuda,823,0.5477439761161804
unet,pytorch_cuda,cuda,824,0.5426560044288635
unet,pytorch_cuda,cuda,825,0.5792959928512573
unet,pytorch_cuda,cuda,826,0.5683839917182922
unet,pytorch_cuda,cuda,827,0.5770879983901978
unet,pytorch_cuda,cuda,828,0.582751989364624
unet,pytorch_cuda,cuda,829,0.5366079807281494
unet,pytorch_cuda,cuda,830,0.5872960090637207
unet,pytorch_cuda,cuda,831,0.5826560258865356
unet,pytorch_cuda,cuda,832,0.6201919913291931
unet,pytorch_cuda,cuda,833,0.5543680191040039
unet,pytorch_cuda,cuda,834,0.5416319966316223
unet,pytorch_cuda,cuda,835,0.5613440275192261
unet,pytorch_cuda,cuda,836,0.5354560017585754
unet,pytorch_cuda,cuda,837,0.5981760025024414
unet,pytorch_cuda,cuda,838,0.5403199791908264
unet,pytorch_cuda,cuda,839,0.5486400127410889
unet,pytorch_cuda,cuda,840,0.5687360167503357
unet,pytorch_cuda,cuda,841,0.557919979095459
unet,pytorch_cuda,cuda,842,0.5337920188903809
unet,pytorch_cuda,cuda,843,0.5437759757041931
unet,pytorch_cuda,cuda,844,0.5804479718208313
unet,pytorch_cuda,cuda,845,1.2849600315093994
unet,pytorch_cuda,cuda,846,0.5658559799194336
unet,pytorch_cuda,cuda,847,0.5554879903793335
unet,pytorch_cuda,cuda,848,0.5913599729537964
unet,pytorch_cuda,cuda,849,0.5583040118217468
unet,pytorch_cuda,cuda,850,0.5633919835090637
unet,pytorch_cuda,cuda,851,0.5697280168533325
unet,pytorch_cuda,cuda,852,0.546783983707428
unet,pytorch_cuda,cuda,853,0.5675839781761169
unet,pytorch_cuda,cuda,854,0.5845119953155518
unet,pytorch_cuda,cuda,855,0.5990399718284607
unet,pytorch_cuda,cuda,856,0.5368000268936157
unet,pytorch_cuda,cuda,857,0.5662400126457214
unet,pytorch_cuda,cuda,858,0.5587520003318787
unet,pytorch_cuda,cuda,859,0.5803200006484985
unet,pytorch_cuda,cuda,860,0.5485759973526001
unet,pytorch_cuda,cuda,861,0.5417919754981995
unet,pytorch_cuda,cuda,862,0.5734080076217651
unet,pytorch_cuda,cuda,863,0.5800639986991882
unet,pytorch_cuda,cuda,864,0.5337280035018921
unet,pytorch_cuda,cuda,865,0.5746240019798279
unet,pytorch_cuda,cuda,866,0.5549759864807129
unet,pytorch_cuda,cuda,867,0.5410240292549133
unet,pytorch_cuda,cuda,868,0.5506560206413269
unet,pytorch_cuda,cuda,869,0.5885120034217834
unet,pytorch_cuda,cuda,870,1.565824031829834
unet,pytorch_cuda,cuda,871,0.735584020614624
unet,pytorch_cuda,cuda,872,0.5490880012512207
unet,pytorch_cuda,cuda,873,0.5952000021934509
unet,pytorch_cuda,cuda,874,0.6268159747123718
unet,pytorch_cuda,cuda,875,0.6009920239448547
unet,pytorch_cuda,cuda,876,3.7744638919830322
unet,pytorch_cuda,cuda,877,0.847711980342865
unet,pytorch_cuda,cuda,878,0.7743039727210999
unet,pytorch_cuda,cuda,879,0.6045439839363098
unet,pytorch_cuda,cuda,880,0.6461759805679321
unet,pytorch_cuda,cuda,881,0.5674239993095398
unet,pytorch_cuda,cuda,882,0.532480001449585
unet,pytorch_cuda,cuda,883,0.5853440165519714
unet,pytorch_cuda,cuda,884,0.5411840081214905
unet,pytorch_cuda,cuda,885,0.5568320155143738
unet,pytorch_cuda,cuda,886,0.5577920079231262
unet,pytorch_cuda,cuda,887,0.5410879850387573
unet,pytorch_cuda,cuda,888,1.247167944908142
unet,pytorch_cuda,cuda,889,0.5886719822883606
unet,pytorch_cuda,cuda,890,0.5548800230026245
unet,pytorch_cuda,cuda,891,0.5621119737625122
unet,pytorch_cuda,cuda,892,0.5857920050621033
unet,pytorch_cuda,cuda,893,0.5700160264968872
unet,pytorch_cuda,cuda,894,0.5601279735565186
unet,pytorch_cuda,cuda,895,0.5400959849357605
unet,pytorch_cuda,cuda,896,0.5666559934616089
unet,pytorch_cuda,cuda,897,0.5737919807434082
unet,pytorch_cuda,cuda,898,0.6253759860992432
unet,pytorch_cuda,cuda,899,0.531328022480011
unet,pytorch_cuda,cuda,900,0.5726400017738342
unet,pytorch_cuda,cuda,901,0.5693759918212891
unet,pytorch_cuda,cuda,902,0.5608639717102051
unet,pytorch_cuda,cuda,903,0.5297600030899048
unet,pytorch_cuda,cuda,904,0.5457280278205872
unet,pytorch_cuda,cuda,905,0.5868800282478333
unet,pytorch_cuda,cuda,906,0.5652480125427246
unet,pytorch_cuda,cuda,907,0.535040020942688
unet,pytorch_cuda,cuda,908,0.5403199791908264
unet,pytorch_cuda,cuda,909,0.5411199927330017
unet,pytorch_cuda,cuda,910,0.601855993270874
unet,pytorch_cuda,cuda,911,0.5840319991111755
unet,pytorch_cuda,cuda,912,0.755295991897583
unet,pytorch_cuda,cuda,913,1.0741440057754517
unet,pytorch_cuda,cuda,914,0.5738880038261414
unet,pytorch_cuda,cuda,915,0.704255998134613
unet,pytorch_cuda,cuda,916,0.5995519757270813
unet,pytorch_cuda,cuda,917,0.5568000078201294
unet,pytorch_cuda,cuda,918,0.5619840025901794
unet,pytorch_cuda,cuda,919,0.5524799823760986
unet,pytorch_cuda,cuda,920,0.5878720283508301
unet,pytorch_cuda,cuda,921,0.5794559717178345
unet,pytorch_cuda,cuda,922,0.5953599810600281
unet,pytorch_cuda,cuda,923,0.593280017375946
unet,pytorch_cuda,cuda,924,0.5627520084381104
unet,pytorch_cuda,cuda,925,0.5778239965438843
unet,pytorch_cuda,cuda,926,0.5869439840316772
unet,pytorch_cuda,cuda,927,0.5746560096740723
unet,pytorch_cuda,cuda,928,0.5360000133514404
unet,pytorch_cuda,cuda,929,0.5990080237388611
unet,pytorch_cuda,cuda,930,0.5471360087394714
unet,pytorch_cuda,cuda,931,0.532800018787384
unet,pytorch_cuda,cuda,932,0.5608320236206055
unet,pytorch_cuda,cuda,933,0.5648319721221924
unet,pytorch_cuda,cuda,934,0.5714880228042603
unet,pytorch_cuda,cuda,935,0.5793600082397461
unet,pytorch_cuda,cuda,936,0.5450559854507446
unet,pytorch_cuda,cuda,937,1.368224024772644
unet,pytorch_cuda,cuda,938,0.8866879940032959
unet,pytorch_cuda,cuda,939,0.5925120115280151
unet,pytorch_cuda,cuda,940,0.5756160020828247
unet,pytorch_cuda,cuda,941,0.6042240262031555
unet,pytorch_cuda,cuda,942,0.5834559798240662
unet,pytorch_cuda,cuda,943,0.558784008026123
unet,pytorch_cuda,cuda,944,0.5617600083351135
unet,pytorch_cuda,cuda,945,0.589568018913269
unet,pytorch_cuda,cuda,946,0.5735679864883423
unet,pytorch_cuda,cuda,947,3.7934720516204834
unet,pytorch_cuda,cuda,948,0.5773760080337524
unet,pytorch_cuda,cuda,949,1.0368319749832153
unet,pytorch_cuda,cuda,950,0.5554239749908447
unet,pytorch_cuda,cuda,951,0.5553280115127563
unet,pytorch_cuda,cuda,952,0.6230720281600952
unet,pytorch_cuda,cuda,953,0.5931519865989685
unet,pytorch_cuda,cuda,954,0.5409280061721802
unet,pytorch_cuda,cuda,955,1.3506560325622559
unet,pytorch_cuda,cuda,956,0.695904016494751
unet,pytorch_cuda,cuda,957,0.6334400177001953
unet,pytorch_cuda,cuda,958,0.5938559770584106
unet,pytorch_cuda,cuda,959,0.5817919969558716
unet,pytorch_cuda,cuda,960,0.5723839998245239
unet,pytorch_cuda,cuda,961,0.643392026424408
unet,pytorch_cuda,cuda,962,0.6143680214881897
unet,pytorch_cuda,cuda,963,0.5704320073127747
unet,pytorch_cuda,cuda,964,0.58160001039505
unet,pytorch_cuda,cuda,965,0.6051200032234192
unet,pytorch_cuda,cuda,966,0.676256000995636
unet,pytorch_cuda,cuda,967,0.5908160209655762
unet,pytorch_cuda,cuda,968,0.6179839968681335
unet,pytorch_cuda,cuda,969,0.5920320153236389
unet,pytorch_cuda,cuda,970,0.5908160209655762
unet,pytorch_cuda,cuda,971,0.6963840126991272
unet,pytorch_cuda,cuda,972,0.6102719902992249
unet,pytorch_cuda,cuda,973,0.6033279895782471
unet,pytorch_cuda,cuda,974,0.5965759754180908
unet,pytorch_cuda,cuda,975,0.5876160264015198
unet,pytorch_cuda,cuda,976,0.6032959818840027
unet,pytorch_cuda,cuda,977,1.0838719606399536
unet,pytorch_cuda,cuda,978,0.6793599724769592
unet,pytorch_cuda,cuda,979,0.5852159857749939
unet,pytorch_cuda,cuda,980,0.6076800227165222
unet,pytorch_cuda,cuda,981,0.6406720280647278
unet,pytorch_cuda,cuda,982,0.5898560285568237
unet,pytorch_cuda,cuda,983,0.6452479958534241
unet,pytorch_cuda,cuda,984,0.5982080101966858
unet,pytorch_cuda,cuda,985,0.6240320205688477
unet,pytorch_cuda,cuda,986,0.6165440082550049
unet,pytorch_cuda,cuda,987,0.5814080238342285
unet,pytorch_cuda,cuda,988,0.6150079965591431
unet,pytorch_cuda,cuda,989,0.6092159748077393
unet,pytorch_cuda,cuda,990,0.6530240178108215
unet,pytorch_cuda,cuda,991,0.608896017074585
unet,pytorch_cuda,cuda,992,0.5845119953155518
unet,pytorch_cuda,cuda,993,0.6136959791183472
unet,pytorch_cuda,cuda,994,0.5800639986991882
unet,pytorch_cuda,cuda,995,0.583840012550354
unet,pytorch_cuda,cuda,996,0.5984960198402405
unet,pytorch_cuda,cuda,997,0.5849279761314392
unet,pytorch_cuda,cuda,998,0.6488639712333679
unet,pytorch_cuda,cuda,999,0.6524800062179565
